日期,成交股數,成交金額,開盤價,最高價,最低價,收盤價,漲跌價差,成交筆數
107/01/02,18055269,4188555408,231.5,232.5,231.0,232.5,3.0,9954
107/01/03,31706091,7504382512,236.0,238.0,235.5,237.0,4.5,13633
107/01/04,29179613,6963192636,240.0,240.0,236.5,239.5,2.5,10953
107/01/05,23721255,5681934695,240.0,240.0,238.0,240.0,0.5,8659
107/01/08,21846692,5281823362,242.0,242.5,240.5,242.0,2.0,10251
107/01/09,19043123,4588314012,242.0,242.0,239.5,242.0,0.0,7124
107/01/10,25716220,6118683273,241.5,242.0,236.0,236.5,-5.5,10534
107/01/11,32070338,7500674455,235.0,236.0,232.5,235.0,-1.5,9199
107/01/12,23141291,5463302207,234.5,238.0,233.5,237.0,2.0,7905
107/01/15,28576533,6832851887,240.0,240.0,238.0,240.0,3.0,9756
107/01/16,23407632,5609009540,240.0,240.5,238.0,240.5,0.5,8156
107/01/17,38118119,9207582787,240.5,243.0,239.0,242.0,1.5,12593
107/01/18,50119952,12406562364,245.0,250.0,245.0,248.5,6.5,19482
107/01/19,55061292,13975174348,253.5,255.5,251.5,255.5,7.0,18801
107/01/22,45907509,11934882643,257.5,262.0,257.0,261.5,6.0,13558
107/01/23,34606444,9155080569,262.5,266.0,262.5,266.0,4.5,13993
107/01/24,42600813,11022372004,263.0,263.0,256.5,258.0,-8.0,17287
107/01/25,46214756,11981089514,258.0,264.0,256.5,258.0,0.0,15826
107/01/26,43514523,11101977348,256.5,257.5,253.5,255.0,-3.0,12821
107/01/29,31306234,8067780117,259.0,261.5,255.0,258.5,3.5,12211
107/01/30,37410591,9523980994,256.0,257.5,252.5,253.0,-5.5,12987
107/01/31,45807808,11670582000,253.0,257.5,252.0,255.0,2.0,13553
107/02/01,30900457,8022694430,257.5,261.0,257.0,259.5,4.5,13598
107/02/02,25707560,6633344540,259.0,260.0,255.0,259.5,0.0,11404
107/02/05,46554379,11742299859,251.0,254.5,250.5,253.0,-6.5,16909
107/02/06,104448048,24944565955,242.5,243.5,234.0,239.0,-14.0,35455
107/02/07,82299178,19903032966,245.0,245.5,239.5,240.0,1.0,22962
107/02/08,31192550,7468970072,239.5,242.0,238.0,238.5,-1.5,10274
107/02/09,65939265,15227192540,230.0,233.0,228.5,232.5,-6.0,19749
107/02/12,42917236,10113012768,235.5,237.5,235.0,236.5,4.0,10851
107/02/21,76396174,18582475956,244.5,244.5,242.0,242.5,6.0,21512
107/02/22,45492993,10977665819,244.0,244.0,239.0,239.5,-3.0,10071
107/02/23,26985776,6578657620,241.0,245.0,241.0,245.0,5.5,10178
107/02/26,36165810,8910352170,247.0,247.5,245.0,246.5,1.5,12565
107/02/27,44699119,11061945363,250.5,250.5,246.0,246.0,-0.5,10908
107/03/01,43847984,10669194561,244.0,245.0,242.0,243.0,-3.0,11589
107/03/02,35289170,8453712014,240.0,241.0,238.5,240.0,-3.0,10440
107/03/05,27337846,6607367732,242.5,243.0,240.5,241.5,1.5,9321
107/03/06,36945780,9155812210,245.5,250.0,245.5,250.0,8.5,13977
107/03/07,30391219,7525601638,248.0,248.5,246.0,247.0,-3.0,10521
107/03/08,20645694,5172732531,249.5,251.5,249.0,249.5,2.5,8817
107/03/09,22887063,5723277170,250.0,251.0,248.5,250.5,1.0,7050
107/03/12,25100615,6370529728,252.0,255.0,251.5,254.0,3.5,10550
107/03/13,34264883,8816553606,255.5,259.0,255.0,259.0,5.0,11700
107/03/14,24254838,6220805864,256.5,257.5,255.5,257.0,-2.0,8518
107/03/15,19396493,4965546715,258.0,258.0,255.0,255.0,-2.0,5945
107/03/16,62989326,15930805360,253.0,256.0,249.5,255.0,0.0,18058
107/03/19,22440766,5679567964,252.5,255.5,251.0,255.0,0.0,9888
107/03/20,22335151,5640426203,253.0,254.0,251.5,253.0,-2.0,9334
107/03/21,32977737,8325162114,255.0,255.0,251.0,252.5,-0.5,11575
107/03/22,27000718,6797045014,254.5,254.5,249.5,251.5,-1.0,10475
107/03/23,52974390,12994667867,245.0,247.0,244.0,245.0,-6.5,20513
107/03/26,39487945,9582954454,241.5,244.5,241.5,243.5,-1.5,11404
107/03/27,31100260,7732298021,248.0,251.0,247.0,251.0,7.5,11698
107/03/28,29924411,7349468217,247.5,248.0,244.0,245.0,-6.0,13041
107/03/29,36427345,8888435870,243.0,247.0,242.5,244.0,-1.0,12832
107/03/30,16996346,4212690462,247.5,249.5,246.0,246.0,2.0,7578
107/03/31,3603912,893664176,247.5,249.0,246.5,247.5,1.5,2409
107/04/02,19029003,4702581241,248.5,249.0,245.0,246.5,-1.0,6951
107/04/03,35813944,8710200224,243.0,244.5,242.0,244.0,-2.5,13270
107/04/09,35465824,8716801768,248.0,248.0,243.5,245.0,1.0,12437
107/04/10,25268994,6231896018,244.5,249.0,243.5,245.5,0.5,11912
107/04/11,21777935,5391978180,246.5,248.5,246.5,248.0,2.5,8813
107/04/12,20476657,5028226522,248.5,248.5,244.0,245.0,-3.0,6898
107/04/13,19946548,4885963546,246.0,246.0,244.0,244.5,-0.5,5549
107/04/16,21608528,5251556179,243.0,244.0,242.0,243.5,-1.0,8436
107/04/17,42756389,10232256860,243.0,243.5,237.5,238.0,-5.5,18381
107/04/18,44768048,10668587090,239.5,241.5,236.5,238.0,0.0,12132
107/04/19,33230989,8081404960,242.0,244.5,241.0,244.5,6.5,10987
107/04/20,129890087,29837344632,228.0,231.5,228.0,229.0,-15.5,46349
107/04/23,71901975,16282275410,226.5,227.5,225.0,226.5,-2.5,22048
107/04/24,45206892,10233860296,225.0,227.5,225.0,227.0,0.5,13970
107/04/25,48975110,11032111105,225.5,226.0,224.0,225.0,-2.0,15136
107/04/26,48176657,10766085521,225.0,225.5,221.0,222.0,-3.0,16253
107/04/27,34443459,7679131764,225.0,225.5,221.0,223.5,1.5,10859
107/04/30,28500789,6448117416,224.5,228.0,222.5,227.0,3.5,9480
107/05/02,38436942,8633492540,227.0,227.5,222.5,223.0,-4.0,11445
107/05/03,33507731,7399813831,221.0,222.5,220.0,220.5,-2.5,12287
107/05/04,28477722,6330594053,221.0,224.0,220.5,223.0,2.5,8445
107/05/07,23751759,5309421525,225.0,225.5,221.5,223.5,0.5,8951
107/05/08,40324763,9146327464,224.0,228.5,223.5,228.0,4.5,13229
107/05/09,35597934,8188991070,228.5,232.0,228.5,229.5,1.5,12616
107/05/10,27530377,6337230710,231.0,231.5,229.0,229.5,0.0,11051
107/05/11,30693910,7138428530,232.0,234.0,230.5,233.0,3.5,11920
107/05/14,23577637,5502726121,234.5,234.5,232.5,233.0,0.0,7666
107/05/15,23771769,5493470187,233.5,234.0,229.5,230.5,-2.5,7810
107/05/16,14834107,3408682013,229.5,230.5,228.5,230.5,0.0,5398
107/05/17,27702737,6322484836,231.0,231.5,226.5,226.5,-4.0,8428
107/05/18,28187541,6327474145,225.5,227.5,223.5,223.5,-3.0,9720
107/05/21,16417815,3751438835,225.0,230.0,225.0,229.0,5.5,7591
107/05/22,22422097,5175634112,230.0,233.5,229.0,229.0,0.0,6963
107/05/23,26737899,6146178621,231.5,231.5,228.5,228.5,-0.5,5059
107/05/24,13450610,3082675140,229.5,230.0,228.5,229.0,0.5,4240
107/05/25,16486294,3769909946,228.5,229.5,228.0,228.5,-0.5,5474
107/05/28,17673270,4020203060,229.5,230.0,226.5,227.0,-1.5,7239
107/05/29,25770776,5782293276,226.5,226.5,223.5,225.0,-2.0,11400
107/05/30,49667788,10997306304,224.0,224.0,220.5,221.0,-4.0,21406
107/05/31,96587458,21553655265,221.5,224.0,220.5,224.0,3.0,12737
107/06/01,36652094,8209412370,224.5,226.5,224.0,224.0,0.00,7627
107/06/04,31257480,7131988670,227.5,229.0,227.0,229.0,+5.00,9746
107/06/05,27714384,6329201896,230.0,230.0,226.5,229.0,0.00,8509
107/06/06,30375441,6961135060,229.0,230.0,227.0,230.0,+1.00,9758
107/06/07,25277266,5809345446,231.0,231.5,228.0,230.0,0.00,9146
107/06/08,24192851,5493234408,229.0,229.0,226.0,227.0,-3.00,7775
107/06/11,22028933,4980629259,226.5,227.0,225.0,226.0,-1.00,6726
107/06/12,30189360,6837374510,225.0,229.0,224.0,229.0,+3.00,8281
107/06/13,36081120,8311856296,229.0,232.0,228.0,232.0,+3.00,10687
107/06/14,36932041,8423126398,230.0,230.0,226.5,226.5,-5.50,12252
107/06/15,49506679,11291127719,225.0,231.0,224.0,231.0,+4.50,10090
107/06/19,61142624,13754800554,225.5,226.0,224.0,225.0,-6.00,19088
107/06/20,40708701,9175159127,224.5,227.5,223.5,226.0,+1.00,13262
107/06/21,32572707,7379769339,227.5,228.0,226.0,226.5,+0.50,9421
107/06/22,44211409,9994644852,224.5,227.5,224.0,227.5,+1.00,14388
107/06/25,49058211,10749795782,220.0,220.5,218.0,218.0,X0.00,17959
107/06/26,43080346,9242648746,215.5,216.0,212.5,214.5,-3.50,15639
107/06/27,40863414,8742004301,216.0,216.0,212.5,213.0,-1.50,12681
107/06/28,38816780,8231075920,211.0,214.5,210.0,212.0,-1.00,10772
107/06/29,36848680,7919779720,212.0,217.0,212.0,216.5,+4.50,8652
107/07/02,33496442,7257081470,218.5,219.0,214.0,214.0,-2.5,8508
107/07/03,28663220,6173115899,215.5,218.0,213.5,214.5,0.5,7758
107/07/04,15359295,3324927032,217.0,217.5,215.5,216.0,1.5,5434
107/07/05,18225416,3904832940,214.0,215.0,213.0,214.5,-1.5,5581
107/07/06,31344962,6779063394,217.5,217.5,215.0,217.0,2.5,8620
107/07/09,41165793,9100880393,219.5,223.0,218.5,221.5,4.5,14795
107/07/10,20196957,4498264914,223.0,224.0,222.0,222.0,0.5,6922
107/07/11,19854690,4355547100,220.0,220.0,218.0,220.0,-2.0,7437
107/07/12,23806051,5246628771,218.0,222.0,218.0,220.5,0.5,7885
107/07/13,30419311,6799894334,222.5,224.5,222.5,224.5,4.0,11723
107/07/16,16107254,3612296896,224.5,225.0,223.5,223.5,-1.0,6321
107/07/17,22554436,5003028272,222.5,223.5,221.0,221.5,-2.0,8636
107/07/18,45802658,10221407834,223.0,224.0,222.0,223.0,1.5,12139
107/07/19,43976216,9930715930,225.5,227.0,224.5,224.5,1.5,12076
107/07/20,103652023,24367904428,235.0,237.5,233.0,237.5,13.0,39544
107/07/23,52269877,12621500480,239.0,245.0,238.5,241.0,3.5,19777
107/07/24,27468267,6599675515,240.0,241.5,238.5,241.0,0.0,10574
107/07/25,21530312,5173924310,239.0,241.0,239.0,240.5,-0.5,8491
107/07/26,30856388,7435261120,241.0,242.5,239.5,241.0,0.5,10235
107/07/27,27129646,6605479210,242.0,244.5,241.0,244.5,3.5,12493
107/07/30,22803730,5585710909,244.5,245.5,244.0,245.5,1.0,9953
107/07/31,28202542,6912550610,243.5,246.0,242.0,246.0,0.5,9460
107/08/01,29777161,7375488342,247.0,248.0,246.5,248.0,2.0,11667
107/08/02,22775110,5611725541,249.0,249.5,243.5,244.5,-3.5,10343
107/08/03,25165097,6205758662,246.0,248.0,245.0,247.0,2.5,9585
107/08/06,22364568,5487396854,245.0,247.0,244.0,245.5,-1.5,9732
107/08/07,24352418,5922738042,245.0,245.5,241.5,241.5,-4.0,9665
107/08/08,24382432,6011480272,245.0,247.5,244.5,247.5,6.0,10247
107/08/09,15128655,3740736404,247.0,248.0,246.0,247.0,-0.5,7127
107/08/10,16125492,3961311040,246.5,247.0,244.5,245.0,-2.0,6558
107/08/13,17881194,4302280285,241.5,243.0,239.0,240.5,-4.5,9875
107/08/14,17488913,4262753253,245.0,245.0,242.5,243.5,3.0,7415
107/08/15,19236321,4642117523,244.5,244.5,239.5,241.5,-2.0,8920
107/08/16,19155966,4587260340,238.0,241.5,238.0,239.0,-2.5,9397
107/08/17,19634474,4707354383,239.5,241.0,239.0,239.5,0.5,6680
107/08/20,17014437,4068729103,239.5,240.0,238.0,239.5,0.0,6640
107/08/21,13871127,3328215657,239.0,241.0,238.5,241.0,1.5,5474
107/08/22,12679240,3063201922,241.5,242.5,240.5,242.0,1.0,5009
107/08/23,17216240,4200671070,243.0,244.5,243.0,244.5,2.5,5660
107/08/24,15446943,3772959070,245.5,246.0,243.0,243.5,-1.0,5099
107/08/27,15579299,3825736755,246.0,246.5,244.5,245.0,1.5,7858
107/08/28,40410531,10075613779,248.5,250.0,248.0,249.5,4.5,16881
107/08/29,57633182,14784556456,253.5,259.0,253.5,259.0,9.5,25668
107/08/30,52622808,13914404873,264.5,268.0,262.5,263.5,4.5,22862
107/08/31,70000506,17920548387,257.5,259.0,254.0,256.0,-7.5,19019
107/09/03,34510555,8901193266,259.0,260.0,256.5,257.0,1.0,11442
107/09/04,41455615,10654493061,258.5,259.5,255.5,257.5,0.5,9069
107/09/05,52706459,13833360422,260.0,264.5,259.0,264.0,6.5,16421
107/09/06,39779488,10467251488,268.0,268.0,261.0,261.0,-3.0,11996
107/09/07,44746728,11753033262,263.0,264.0,260.5,264.0,3.0,15015
107/09/10,62851599,16669866076,266.5,266.5,262.5,264.5,0.5,15504
107/09/11,44981276,11709484991,263.0,263.5,258.0,260.0,-4.5,14768
107/09/12,38415965,9987682900,261.0,262.0,258.0,260.5,0.5,12104
107/09/13,37959180,9721989110,260.0,260.0,253.5,255.0,-5.5,14987
107/09/14,40034219,10379404959,257.0,261.5,257.0,261.0,6.0,15690
107/09/17,25041358,6483537091,262.5,262.5,257.0,258.0,-3.0,10710
107/09/18,34381152,8771502830,256.5,257.0,254.0,254.5,-3.5,11097
107/09/19,69978711,18074954749,258.0,260.0,257.0,258.0,3.5,14056
107/09/20,35577071,9225009310,261.5,261.5,257.5,260.0,2.0,9444
107/09/21,36500974,9510363894,261.5,261.5,258.0,261.5,1.5,10159
107/09/25,24978062,6552894296,261.5,264.0,260.5,263.5,2.0,10082
107/09/26,25061115,6577367245,263.0,263.5,261.0,263.5,0.0,7007
107/09/27,38495371,10185827315,264.0,266.0,262.0,265.0,1.5,11536
107/09/28,39645486,10412455506,266.0,266.0,260.0,262.5,-2.5,13060
107/10/01,22409380,5882532290,262.0,264.0,261.0,263.0,0.5,11914
107/10/02,38391491,9926505357,262.0,263.0,257.0,257.5,-5.5,17095
107/10/03,25228536,6527393860,257.5,260.0,257.0,260.0,2.5,9992
107/10/04,38009727,9690178362,257.0,257.5,254.0,254.0,-6.0,15094
107/10/05,40396660,10101451270,250.0,253.0,248.5,250.0,-4.0,16031
107/10/08,51083958,12426290240,245.5,246.5,241.0,243.5,-6.5,20745
107/10/09,28933345,7051600725,243.5,245.0,242.0,244.0,0.5,11743
107/10/11,96033657,22115862239,233.5,233.5,227.0,227.5,-16.5,37543
107/10/12,54439769,12650322522,231.0,237.0,229.0,237.0,9.5,17980
107/10/15,46471280,10766953220,234.0,234.0,230.5,230.5,-6.5,16558
107/10/16,39129077,9155829047,229.5,237.0,229.0,237.0,6.5,15182
107/10/17,42887858,10318955161,241.5,243.0,238.0,238.5,1.5,17550
107/10/18,27793430,6587887632,238.0,239.0,235.5,236.5,-2.0,10599
107/10/19,29648460,6927405460,231.0,236.5,230.0,236.0,-0.5,12378
107/10/22,29275777,6872467149,232.5,238.0,231.5,237.0,1.0,10384
107/10/23,36757745,8538586595,232.0,234.0,230.0,230.0,-7.0,13071
107/10/24,45480950,10426514872,230.0,231.0,227.0,229.5,-0.5,17339
107/10/25,75524118,16643542368,220.5,222.0,219.5,219.5,-10.0,27514
107/10/26,54073644,11941421696,223.0,224.0,217.0,221.0,1.5,17106
107/10/29,18463792,4107663616,223.0,224.0,221.0,222.5,1.5,7679
107/10/30,29085931,6487213284,221.0,225.0,220.5,223.0,0.5,8574
107/10/31,59933201,13844478353,228.0,234.0,228.0,234.0,11.0,19183
107/11/01,44514797,10480329245,236.0,237.0,233.0,235.5,1.5,11435
107/11/02,30785361,7249667833,236.5,236.5,233.5,236.5,1.0,11223
107/11/05,28157065,6592130635,233.0,235.5,232.0,235.0,-1.5,6994
107/11/06,35501176,8311988968,234.0,235.5,232.5,234.5,-0.5,7013
107/11/07,39842652,9337023278,233.0,236.0,232.5,234.0,-0.5,7387
107/11/08,28086146,6645771069,237.5,237.5,236.0,236.5,2.5,9461
107/11/09,23792081,5526997792,234.5,234.5,231.0,231.0,-5.5,7886
107/11/12,26202445,6101377163,230.0,234.5,230.0,231.5,0.5,6252
107/11/13,37565127,8504691960,224.5,228.0,224.5,227.5,-4.0,11507
107/11/14,24565279,5639284241,230.0,231.0,228.5,228.5,1.0,6007
107/11/15,22230228,5124189444,229.5,232.0,228.5,231.0,2.5,5996
107/11/16,47138909,10696822542,229.0,229.0,225.0,226.0,-5.0,16009
107/11/19,51034754,11355347628,225.0,225.0,221.0,222.0,-4.0,16289
107/11/20,45686756,9995960780,219.0,220.5,218.0,218.0,-4.0,16874
107/11/21,38478343,8361178460,214.5,220.0,214.0,219.0,1.0,13580
107/11/22,22060610,4867686945,221.5,222.0,219.0,219.0,0.0,9095
107/11/23,15553334,3406422046,220.5,220.5,217.0,218.5,-0.5,6164
107/11/26,35267804,7847501792,219.0,224.0,218.5,223.0,4.5,9422
107/11/27,32676349,7239283641,220.0,224.5,219.0,224.0,1.0,10170
107/11/28,24759026,5560623349,222.5,227.0,222.0,226.5,2.5,8316
107/11/29,46206207,10629450003,231.5,231.5,229.0,229.0,2.5,15849
107/11/30,57352957,12995823319,229.5,231.0,225.5,225.5,-3.5,10931
107/12/03,49612186,11579966474,231.0,235.0,231.0,235.0,9.5,19747
107/12/04,41947162,9791147799,233.0,234.5,231.0,234.0,-1.0,12545
107/12/05,45634576,10316394736,226.5,227.5,225.0,226.0,-8.0,15703
107/12/06,40181112,8853295746,220.0,222.0,219.5,220.0,-6.0,15702
107/12/07,31997568,7097739916,222.5,223.5,220.5,221.0,1.0,8315
107/12/10,26229461,5744814170,219.5,220.0,218.5,219.0,-2.0,8650
107/12/11,27395220,6067551383,220.0,223.0,219.0,222.5,3.5,8509
107/12/12,32926379,7418108779,223.5,227.0,222.5,226.5,4.0,9117
107/12/13,32433141,7345479366,227.0,227.5,225.0,226.0,-0.5,8635
107/12/14,43226159,9570070114,223.0,223.5,220.5,222.5,-3.5,10454
107/12/17,18964952,4229977248,221.0,225.0,220.0,223.5,1.0,6449
107/12/18,30270541,6713448829,221.0,223.0,220.5,222.5,-1.0,10521
107/12/19,23415082,5255393450,222.0,225.5,222.0,225.5,3.0,7875
107/12/20,38697116,8573665030,221.0,222.5,221.0,221.0,-4.5,10528
107/12/21,46947532,10401202852,219.0,224.0,219.0,223.5,2.5,9554
107/12/22,5185247,1145814834,220.0,221.5,220.0,221.5,-2.0,2229
107/12/24,23376100,5151549100,221.5,221.5,219.5,220.0,-1.5,6122
107/12/25,19402777,4198767163,215.5,218.0,215.0,217.5,-2.5,8065
107/12/26,16893259,3678108462,218.5,219.5,216.0,216.5,-1.0,6998
107/12/27,21915484,4874845852,222.0,224.0,220.5,223.0,6.5,9531
107/12/28,30156773,6762447425,223.5,225.5,222.5,225.5,2.5,10247
108/01/02,32900482,7276419230,226.5,226.5,219.0,219.5,-6.0,12329
108/01/03,34615620,7459051790,214.0,218.0,214.0,215.5,-4.0,14549
108/01/04,67043521,13987136785,211.5,211.5,206.5,208.0,-7.5,28786
108/01/07,35695176,7591116569,212.0,214.0,211.0,213.0,5.0,11224
108/01/08,23794481,5019703557,212.0,212.5,210.0,211.0,-2.0,9377
108/01/09,51255446,11006827093,212.0,216.5,211.0,215.5,4.5,14098
108/01/10,20832593,4491377349,216.0,216.5,214.5,216.0,0.5,6018
108/01/11,28658288,6296719320,219.0,220.5,218.0,220.5,4.5,11198
108/01/14,17612296,3844735324,218.5,220.0,217.0,218.5,-2.0,6469
108/01/15,42990923,9399209983,216.5,221.0,215.5,221.0,2.5,11609
108/01/16,30038282,6563789758,218.5,220.0,217.5,217.5,-3.5,8950
108/01/17,21163986,4646131841,218.0,221.0,218.0,220.5,3.0,8288
108/01/18,52677569,11530053787,219.0,220.0,217.5,218.5,-2.0,15157
108/01/21,32515866,7208829658,220.0,223.0,220.0,221.0,2.5,10549
108/01/22,30958483,6854867566,220.0,223.0,219.0,223.0,2.0,8258
108/01/23,18671213,4121110926,221.5,222.0,220.0,220.5,-2.5,7059
108/01/24,31348924,6958753608,222.5,222.5,220.5,222.5,2.0,6291
108/01/25,48039764,10870045150,226.5,227.0,225.0,226.0,3.5,14979
108/01/28,29134257,6665379096,229.5,229.5,228.0,229.0,3.0,10189
108/01/29,42566520,9486156460,222.5,225.0,222.0,222.5,-6.5,13344
108/01/30,51889945,11453957730,220.5,221.5,220.0,221.0,-1.5,12858
108/02/11,81360106,18546167132,228.0,229.0,226.5,228.0,7.0,21689
108/02/12,30125670,6921488930,230.0,230.0,229.0,230.0,2.0,13313
108/02/13,28634925,6575201825,232.0,232.0,228.5,229.0,-1.0,10230
108/02/14,23647751,5392943977,229.5,230.0,226.0,227.0,-2.0,6873
108/02/15,22369799,5093773373,229.0,229.0,226.5,227.0,0.0,5743
108/02/18,18163916,4169729625,229.0,230.5,228.5,230.0,3.0,7035
108/02/19,18423023,4228108427,230.0,230.5,229.0,229.0,-1.0,6471
108/02/20,31887710,7430197670,231.5,234.5,231.0,234.5,5.5,14241
108/02/21,34013489,8013908284,235.5,236.5,234.5,236.5,2.0,11443
108/02/22,22032163,5187054985,235.5,236.5,234.0,236.5,0.0,6913
108/02/25,25227138,5995746054,237.5,239.0,236.0,238.0,1.5,8527
108/02/26,24586789,5864298571,239.0,240.0,236.5,239.5,1.5,7994
108/02/27,37947889,9052540803,238.5,239.5,237.0,239.0,-0.5,9931
108/03/04,45164513,10691130829,239.5,239.5,234.5,235.5,-3.5,13323
108/03/05,23708407,5533050748,234.0,234.5,232.5,233.0,-2.5,8706
108/03/06,20811226,4872352124,235.0,235.5,233.5,234.0,1.0,7090
108/03/07,17226192,4029782428,235.0,235.0,233.0,234.0,0.0,5768
108/03/08,22535659,5183171608,231.0,231.5,229.0,230.0,-4.0,8931
108/03/11,34282793,7835079913,228.0,230.5,227.5,230.5,0.5,7451
108/03/12,23839972,5601351324,233.0,237.0,232.5,235.5,5.0,9253
108/03/13,22493195,5308051755,234.0,237.0,234.0,237.0,1.5,6269
108/03/14,17281356,4077045380,239.0,239.0,234.0,234.5,-2.5,6564
108/03/15,34542729,8231572752,237.0,239.5,235.5,239.0,4.5,8872
108/03/18,27040532,6493129050,239.5,241.0,239.0,241.0,2.0,10690
108/03/19,14620009,3496720720,239.0,240.5,238.0,240.5,-0.5,7105
108/03/20,23055971,5563557011,242.0,242.0,239.5,242.0,1.5,6757
108/03/21,27514502,6710510004,242.5,245.5,241.0,245.5,3.5,11071
108/03/22,22996467,5680726299,248.0,248.5,244.5,248.5,3.0,10485
108/03/25,19273254,4662705968,240.5,243.5,240.5,241.5,-7.0,8468
108/03/26,21053170,5109273236,243.0,244.0,241.0,244.0,2.5,6630
108/03/27,23622089,5703467700,242.0,242.5,240.5,241.5,-2.5,7603
108/03/28,13998054,3379510718,240.5,242.5,240.0,242.0,0.5,3948
108/03/29,31024810,7568601014,243.0,245.5,240.5,245.5,3.5,6712
108/04/01,35330656,8758161220,251.0,251.0,245.0,245.5,0.0,13292
108/04/02,25189053,6226523038,249.5,249.5,246.0,246.0,0.5,9171
108/04/03,28581323,7075597562,249.0,249.0,246.5,246.5,0.5,8067
108/04/08,46426821,11682512762,251.0,253.0,250.5,253.0,6.5,16430
108/04/09,22745674,5760337782,253.0,254.0,252.0,254.0,1.0,8323
108/04/10,33174934,8403528302,253.0,254.5,252.0,254.0,0.0,9992
108/04/11,25146840,6347861680,253.0,254.0,251.5,252.0,-2.0,8284
108/04/12,13888148,3496444666,251.5,253.0,251.0,252.0,0.0,4931
108/04/15,17257002,4403988510,255.0,256.0,254.0,255.5,3.5,6739
108/04/16,20231648,5185697928,257.0,257.0,255.5,257.0,1.5,7676
108/04/17,39037191,10202504410,260.0,263.0,259.5,261.5,4.5,13486
108/04/18,48525490,12836006732,264.0,266.0,263.5,264.5,3.0,12208
108/04/19,47698699,12712409558,269.0,269.5,263.5,264.5,0.0,14431
108/04/22,24967393,6635995145,266.5,267.5,265.0,266.0,1.5,8527
108/04/23,26251847,7017363629,266.5,268.0,266.0,268.0,2.0,9394
108/04/24,37386755,10044241090,270.0,270.0,267.5,269.0,1.0,9687
108/04/25,36572455,9800038536,268.5,269.0,267.0,267.5,-1.5,7331
108/04/26,51743804,13459329059,262.0,263.0,257.5,260.0,-7.5,16674
108/04/29,32651618,8477117257,260.0,262.0,258.5,259.5,-0.5,10407
108/04/30,40446419,10484399861,260.0,260.5,258.0,259.0,-0.5,10939
108/05/02,27376394,7122135656,261.5,262.5,258.5,259.0,0.0,9110
108/05/03,30200246,7940572444,262.0,265.0,260.5,265.0,6.0,10068
108/05/06,33688187,8717053470,260.0,260.0,258.0,259.0,-6.0,12535
108/05/07,25686126,6719199455,259.5,263.0,259.0,262.5,3.5,8339
108/05/08,25902364,6750083504,260.0,261.5,259.5,260.0,-2.5,7905
108/05/09,34166574,8798140796,259.5,259.5,256.0,256.5,-3.5,10995
108/05/10,18868212,4844594484,257.0,259.0,255.0,256.0,-0.5,8009
108/05/13,29317535,7374249589,253.0,254.0,249.5,250.5,-5.5,11974
108/05/14,45620708,11345067455,247.5,251.0,245.0,248.5,-2.0,14283
108/05/15,37223479,9327051888,251.0,252.0,249.0,249.0,0.5,12041
108/05/16,30331519,7520908612,248.5,249.5,246.0,247.0,-2.0,11402
108/05/17,40006856,9775372898,249.0,249.0,241.5,241.5,-5.5,15217
108/05/20,47097661,11303513908,242.5,243.0,238.0,238.0,-3.5,13099
108/05/21,82872775,19418705158,233.5,236.0,232.5,234.0,-4.0,25418
108/05/22,36289034,8669172710,236.5,240.5,235.5,238.0,4.0,14019
108/05/23,62258627,14379543985,233.5,233.5,230.0,230.0,-8.0,24974
108/05/24,38226789,8866253632,230.0,234.0,230.0,233.0,3.0,14586
108/05/27,37447033,8697538216,234.0,235.0,231.0,231.0,-2.0,13895
108/05/28,99322033,22910765567,232.0,232.0,230.5,230.5,-0.5,10122
108/05/29,32260236,7385029780,228.0,230.5,227.0,229.5,-1.0,10233
108/05/30,40375328,9292745636,230.0,231.5,229.0,231.0,1.5,8772
108/05/31,49163217,11559578381,232.0,237.5,231.0,235.5,4.5,14365
108/06/03,36687092,8651389851,235.5,238.5,232.0,238.0,+2.50,8857
108/06/04,24443428,5745045809,237.5,238.0,233.0,233.0,-5.00,11779
108/06/05,35901584,8461930934,238.0,238.0,234.0,235.0,+2.00,12064
108/06/06,34651731,8008768323,231.5,232.0,229.5,232.0,-3.00,14723
108/06/10,35521888,8442986620,237.5,240.0,234.5,240.0,+8.00,15588
108/06/11,34691670,8448805962,240.0,246.0,239.0,244.5,+4.50,13157
108/06/12,30409556,7469805086,244.5,247.5,243.0,246.0,+1.50,11457
108/06/13,33731724,8136137708,242.5,244.0,240.0,240.0,-6.00,13552
108/06/14,35403556,8396819832,238.5,239.5,236.0,236.0,-4.00,14911
108/06/17,51692012,12043369475,231.5,235.0,230.5,233.0,-3.00,20943
108/06/18,28798087,6758454612,234.0,235.5,233.0,235.5,+2.50,9681
108/06/19,50234372,12181979568,242.5,244.0,240.5,244.0,+8.50,20528
108/06/20,39717291,9697726719,242.0,245.5,241.0,245.0,+1.00,13879
108/06/21,62136304,15398139830,248.0,248.5,246.0,248.5,+3.50,19049
108/06/24,43460507,10476936660,241.0,242.0,240.0,241.0,X0.00,17780
108/06/25,29735283,7118002390,241.0,241.5,237.0,238.5,-2.50,11130
108/06/26,28770041,6757991717,235.0,236.5,234.0,234.5,-4.00,13535
108/06/27,42007834,10063332494,236.0,241.5,236.0,240.5,+6.00,14983
108/06/28,28085212,6715488371,241.5,241.5,238.0,239.0,-1.50,8987
108/07/01,66370875,16445222750,245.5,250.0,245.0,248.5,9.5,29551
108/07/02,26832202,6671951743,249.5,250.0,247.5,249.0,0.5,12531
108/07/03,29549774,7190777082,244.0,245.0,242.0,242.5,-6.5,16033
108/07/04,18691240,4561556160,244.5,245.0,242.5,244.0,1.5,8565
108/07/05,27317074,6624379927,244.5,245.0,241.5,243.0,-1.0,9013
108/07/08,29190909,7057462187,240.0,244.5,240.0,242.5,-0.5,10552
108/07/09,16538987,3998096596,241.5,243.0,240.5,242.0,-0.5,6486
108/07/10,23812131,5839691357,243.0,247.0,243.0,247.0,5.0,12366
108/07/11,31296289,7809358257,250.0,250.0,247.5,250.0,3.0,14360
108/07/12,23868432,5984689000,252.0,252.0,249.5,250.5,0.5,8363
108/07/15,34264300,8663129910,251.0,254.5,249.5,254.5,4.0,12174
108/07/16,26141249,6678755679,254.0,256.5,253.5,256.0,1.5,8994
108/07/17,34346648,8686815824,254.0,254.0,251.0,252.0,-4.0,11106
108/07/18,20908575,5300082470,252.0,254.5,251.5,254.0,2.0,8245
108/07/19,59879798,15573278932,259.5,261.0,259.0,259.0,5.0,21827
108/07/22,31863639,8385222407,263.0,264.0,262.0,264.0,5.0,13424
108/07/23,29273223,7734089131,265.5,266.5,262.5,264.0,0.0,12791
108/07/24,24511039,6484708226,266.5,266.5,263.0,265.0,1.0,10617
108/07/25,30698545,8091922380,264.0,265.0,261.5,265.0,0.0,10643
108/07/26,20768071,5434082968,261.0,262.5,261.0,261.0,-4.0,8850
108/07/29,18473320,4822762518,260.0,262.0,259.5,261.0,0.0,6681
108/07/30,22895612,5975389270,262.5,263.0,260.0,260.0,-1.0,7191
108/07/31,36365601,9413416604,260.0,260.0,257.0,259.5,-0.5,10468
108/08/01,30107526,7722031382,257.5,257.5,255.5,256.5,-3.0,11372
108/08/02,54165644,13627068452,252.0,253.5,250.5,251.5,-5.0,18096
108/08/05,52835721,13092403583,251.0,252.0,245.5,246.5,-5.0,20136
108/08/06,58916879,14440787992,240.0,250.0,240.0,248.5,2.0,22358
108/08/07,29435460,7305272500,250.0,250.5,246.5,248.0,-0.5,11208
108/08/08,30140266,7599200564,248.0,254.0,248.0,253.5,5.5,11228
108/08/12,24732603,6242935989,254.5,254.5,251.0,251.0,-2.5,8415
108/08/13,25045107,6204239476,249.0,249.5,246.5,246.5,-4.5,11377
108/08/14,36336703,9142333535,252.5,254.0,249.5,249.5,3.0,13609
108/08/15,28277412,6994442633,247.0,248.5,246.0,248.0,-1.5,10852
108/08/16,25696715,6420744887,249.5,252.0,248.0,250.0,2.0,8994
108/08/19,25098514,6326683127,251.5,253.0,250.5,252.0,2.0,9398
108/08/20,20620494,5233263533,254.0,254.5,252.5,254.5,2.5,8214
108/08/21,20269296,5152545480,254.5,255.0,253.0,254.5,0.0,7383
108/08/22,22136840,5659296700,257.0,257.5,254.0,254.0,-0.5,8794
108/08/23,14772877,3748071178,253.5,254.5,253.0,254.0,0.0,5663
108/08/26,31740620,7910873500,249.0,250.5,248.5,248.5,-5.5,13388
108/08/27,53664951,13410582151,250.5,251.0,248.5,250.0,1.5,8939
108/08/28,15280882,3852096070,250.5,253.0,250.5,252.0,2.0,6829
108/08/29,20085767,5078703588,253.0,254.0,251.0,254.0,2.0,6596
108/08/30,35299201,9092482858,256.5,259.0,256.0,259.0,5.0,13703
108/09/02,14776854,3800453292,258.0,258.0,256.0,257.5,-1.50,7608
108/09/03,26086495,6642868555,256.5,258.0,253.0,254.0,-3.50,11210
108/09/04,23697733,6081456520,254.0,258.0,254.0,257.5,+3.50,9291
108/09/05,49041728,12869665251,263.0,263.0,260.5,263.0,+5.50,22796
108/09/06,26609515,7016868801,265.0,265.0,263.0,263.5,+0.50,11957
108/09/09,17317833,4585545966,265.5,266.0,263.5,265.0,+1.50,8762
108/09/10,30019866,7862297242,263.5,264.0,260.5,261.5,-3.50,11831
108/09/11,36266015,9508884445,264.0,264.5,260.5,263.0,+1.50,12058
108/09/12,38792293,10198483555,265.0,265.0,261.5,262.5,-0.50,8282
108/09/16,38913966,10258240252,262.0,265.5,261.5,265.5,+3.00,11120
108/09/17,30069844,7979032930,266.5,266.5,264.5,265.0,-0.50,9222
108/09/18,51360759,13754334364,267.0,269.5,266.5,267.0,+2.00,17993
108/09/19,27165567,7216457755,268.0,268.0,264.0,265.0,X0.00,10194
108/09/20,44555865,11785924559,266.0,266.5,264.0,264.0,-1.00,9109
108/09/23,14220208,3749146092,264.0,264.0,263.0,264.0,0.00,5647
108/09/24,24304943,6419420695,263.5,265.5,262.0,265.0,+1.00,9180
108/09/25,23244163,6144037875,262.5,266.0,262.0,266.0,+1.00,7145
108/09/26,34128103,9139219995,269.0,269.5,266.5,268.0,+2.00,11861
108/09/27,44242817,12021629536,271.5,272.5,271.0,272.0,+4.00,16626
108/10/01,75248890,20886838992,273.0,280.5,273.0,280.0,8.0,26648
108/10/02,30572953,8553297334,280.0,281.0,279.0,279.5,-0.5,12294
108/10/03,35874864,9891620358,274.0,277.5,274.0,276.5,-3.0,12853
108/10/04,35814613,9924872301,279.5,280.0,275.0,276.5,0.0,13780
108/10/07,17750230,4944376000,279.0,279.5,277.5,278.0,1.5,7757
108/10/08,39868551,11341522526,283.5,286.5,282.5,286.5,8.5,16721
108/10/09,34895456,9890256397,283.5,286.0,282.0,282.0,-4.5,14567
108/10/14,53403517,15508059122,291.5,291.5,288.5,290.0,8.0,17812
108/10/15,54754830,16088110873,293.5,296.0,292.0,293.5,3.5,15485
108/10/16,42917144,12670374493,298.0,298.0,293.5,296.5,3.0,16650
108/10/17,41920938,12296120182,295.0,295.5,292.0,293.5,-3.0,15170
108/10/18,45460984,13299843176,293.0,295.5,291.0,293.0,-0.5,18000
108/10/21,35860365,10389254035,291.0,291.0,288.5,290.0,-3.0,14682
108/10/22,26525020,7767636380,292.5,294.0,291.5,294.0,4.0,10186
108/10/23,30382408,8877572772,293.5,293.5,290.5,293.0,-1.0,11753
108/10/24,29040827,8488069650,294.5,294.5,291.0,293.0,0.0,10649
108/10/25,25082711,7362074526,294.5,294.5,292.5,293.5,0.5,11064
108/10/28,20216561,5958714595,295.0,295.5,294.0,294.5,1.0,9257
108/10/29,37130131,11044649541,297.0,298.5,296.5,298.5,4.0,14060
108/10/30,32370342,9646551600,298.5,299.5,296.5,299.5,1.0,11084
108/10/31,43123514,12921309531,300.0,301.5,298.5,298.5,-1.0,12997
108/11/01,30216678,8998151212,299.5,299.5,296.5,299.0,0.5,10241
108/11/04,45155671,13767873778,302.5,308.0,301.0,307.0,8.0,18475
108/11/05,32253184,9965563625,307.5,310.5,307.0,310.5,3.5,13698
108/11/06,22149743,6864516290,309.0,311.5,308.0,311.0,0.5,9660
108/11/07,28453659,8769417841,310.0,310.0,306.5,309.0,-2.0,12277
108/11/08,26230542,8040782450,308.5,309.0,305.5,305.5,-3.5,12740
108/11/11,35285583,10660082266,305.0,305.0,300.0,301.0,-4.5,15246
108/11/12,19016708,5774255431,302.5,305.0,302.0,305.0,4.0,8957
108/11/13,18422438,5583245970,303.0,304.0,301.5,304.0,-1.0,6039
108/11/14,15734835,4776767840,304.5,305.0,302.0,303.5,-0.5,6219
108/11/15,29038445,8891701115,305.5,307.5,304.5,307.0,3.5,8672
108/11/18,18741325,5796331075,308.5,311.0,307.0,311.0,4.0,8420
108/11/19,33096197,10365611120,312.5,315.0,311.0,315.0,4.0,11121
108/11/20,24538973,7681229345,314.0,314.0,312.0,313.5,-1.5,9143
108/11/21,30163833,9329845096,309.5,311.0,307.0,311.0,-2.5,11638
108/11/22,26492984,8188665024,310.0,310.5,308.0,309.0,-2.0,9407
108/11/25,19855177,6133713443,310.5,310.5,307.0,307.0,-2.0,8067
108/11/26,101916622,31332308518,310.0,310.5,307.0,307.0,0.0,10321
108/11/27,18527648,5732316828,307.5,311.5,307.5,311.0,4.0,7916
108/11/28,19718982,6111322584,310.0,312.0,308.5,309.5,-1.5,9289
108/11/29,32423561,9922872967,309.0,309.5,305.0,305.0,-4.5,15368
108/12/02,25516807,7844458306,307.0,308.0,306.5,307.5,+2.50,8465
108/12/03,27686319,8472595177,305.0,307.0,305.0,307.0,-0.50,9206
108/12/04,34911686,10652239802,305.0,306.0,304.0,306.0,-1.00,9989
108/12/05,39349842,12240671524,309.0,312.0,309.0,312.0,+6.00,13587
108/12/06,18402703,5771010050,315.0,316.0,311.0,313.0,+1.00,8974
108/12/09,23556081,7433484496,314.0,316.5,314.0,316.0,+3.00,10583
108/12/10,20847594,6540475540,315.0,315.5,312.5,313.5,-2.50,8702
108/12/11,34329148,10866410212,314.0,319.0,313.0,319.0,+5.50,11689
108/12/12,52801851,17446169339,325.0,334.5,324.0,331.5,+12.50,22555
108/12/13,60843939,20697194061,340.0,343.0,338.0,339.0,+7.50,23025
108/12/16,48340188,16272523200,336.5,338.5,336.0,336.0,-3.00,16938
108/12/17,41428458,14153896438,335.0,345.0,335.0,345.0,+9.00,16808
108/12/18,42486841,14594689501,341.5,345.0,341.5,344.5,-0.50,15836
108/12/19,55667012,18774880620,340.0,342.0,335.0,335.0,X0.00,28105
108/12/20,86280459,28483237354,332.0,333.0,328.5,329.0,-6.00,28112
108/12/23,26911340,8923609754,329.5,334.0,329.5,334.0,+5.00,12310
108/12/24,13783907,4591661991,334.0,334.5,332.0,332.0,-2.00,7887
108/12/25,12262954,4075131136,332.0,334.5,331.0,333.0,+1.00,7597
108/12/26,11427884,3803665702,333.0,334.0,331.5,333.0,0.00,6439
108/12/27,16677806,5624251712,335.0,338.0,335.0,338.0,+5.00,8660
108/12/30,21591263,7270827164,338.0,339.0,334.0,334.5,-3.50,10468
108/12/31,22950517,7614538961,331.0,333.5,331.0,331.0,-3.50,12253
109/01/02,33282120,11224165450,332.5,339.0,332.5,339.0,8.0,17160
109/01/03,42023268,14295651580,344.0,345.0,335.5,339.5,0.5,20545
109/01/06,45677057,15210531318,333.0,334.5,332.0,332.0,-7.5,22944
109/01/07,51746181,17053282011,332.5,333.0,326.5,329.5,-2.5,22362
109/01/08,37913748,12484410088,325.0,333.0,325.0,329.5,0.0,18228
109/01/09,32397504,10890847940,335.0,337.5,333.5,337.5,8.0,16793
109/01/10,27880115,9432320316,340.5,341.0,336.0,339.5,2.0,13296
109/01/13,30663332,10455852739,342.0,342.0,339.0,341.5,2.0,13457
109/01/14,30368993,10488360978,345.5,346.0,344.5,346.0,4.5,16339
109/01/15,54575274,18590754206,345.0,345.0,337.5,340.0,-6.0,20392
109/01/16,58217420,19431133895,330.0,336.5,330.0,334.5,-5.5,24721
109/01/17,53908097,17977119406,334.0,335.5,332.0,333.0,-1.5,23954
109/01/20,35551203,11865436839,334.0,335.5,333.0,333.0,0.0,15095
109/01/30,126820049,40734449874,326.0,326.0,316.5,316.5,-16.5,55603
109/01/31,62912055,20205365710,323.0,323.5,319.0,320.0,3.5,22639
109/02/03,59711849,18782694826,315.0,316.5,312.0,315.0,-5.0,26483
109/02/04,52208496,16882411296,319.0,326.0,318.0,325.0,10.0,22587
109/02/05,36601453,11985817083,329.0,329.5,324.5,327.5,2.5,16656
109/02/06,29659094,9803038836,329.5,332.5,329.0,332.5,5.0,14246
109/02/07,30055327,9869903253,330.0,330.5,326.0,328.0,-4.5,13075
109/02/10,30814424,10024967927,321.5,328.0,321.0,327.5,-0.5,14825
109/02/11,29062935,9629938182,330.5,332.5,330.0,331.5,4.0,12766
109/02/12,37612639,12593082711,333.5,336.0,333.0,335.0,3.5,17394
109/02/13,23217021,7805299096,338.0,338.0,335.0,335.0,0.0,12563
109/02/14,18326683,6155862838,337.0,337.0,334.5,335.0,0.0,7881
109/02/17,16145079,5354339726,331.5,333.0,330.5,331.5,-3.5,9747
109/02/18,64662604,20957801150,324.5,326.5,322.0,322.0,-9.5,36520
109/02/19,48856218,15881609046,322.5,327.0,322.0,326.5,4.5,16003
109/02/20,27061736,8832642641,328.0,329.0,325.0,325.5,-1.0,11695
109/02/21,22974534,7463007621,325.5,326.5,323.0,325.0,-0.5,9342
109/02/24,42946680,13754512932,319.5,321.5,319.5,320.0,-5.0,18902
109/02/25,38674011,12425785349,320.0,323.5,317.5,322.0,2.0,17366
109/02/26,60768362,19341695595,317.0,320.5,316.5,318.5,-3.5,24310
109/02/27,62401927,19756146876,319.0,320.0,315.0,316.0,-2.5,20633
109/03/02,86372942,26864484400,308.0,317.0,308.0,311.0,-5.00,35320
109/03/03,55169411,17534766696,318.5,320.0,316.0,317.5,+6.50,20713
109/03/04,44745146,14304795666,322.0,322.0,317.0,320.5,+3.00,16118
109/03/05,38223525,12392618100,325.0,326.0,323.0,323.0,+2.50,15107
109/03/06,52807760,16733485610,320.0,320.5,315.0,315.0,-8.00,24175
109/03/09,88633277,27236002054,307.5,310.0,305.5,305.5,-9.50,44882
109/03/10,74869130,22727941511,301.5,309.0,301.0,307.0,+1.50,30268
109/03/11,64923710,19913151529,309.0,310.5,302.0,302.0,-5.00,27176
109/03/12,114173351,33544278206,299.0,299.0,287.0,294.0,-8.00,56989
109/03/13,151268148,42448997546,275.0,294.0,272.5,290.0,-4.00,71990
109/03/16,103933228,29343288916,285.0,291.0,275.5,276.5,-13.50,51292
109/03/17,122409651,32936712540,265.0,276.5,265.0,268.0,-8.50,57123
109/03/18,118620643,31555231792,269.5,272.5,260.0,260.0,-8.00,53985
109/03/19,160811697,39559889553,252.0,253.0,235.5,248.0,X0.00,77302
109/03/20,159179726,42110816042,258.5,270.0,256.0,270.0,+22.00,69829
109/03/23,76963709,19851467203,257.0,262.5,252.0,255.0,-15.00,41621
109/03/24,82377933,22207033614,268.0,274.0,266.0,267.5,+12.50,41077
109/03/25,80514199,22368633590,276.5,280.0,274.0,277.0,+9.50,40932
109/03/26,54189633,15108299935,279.5,280.0,275.5,280.0,+3.00,27648
109/03/27,69320306,19324060590,284.0,286.0,273.0,273.0,-7.00,36025
109/03/30,53403956,14205364184,263.5,269.0,262.5,267.5,-5.50,27779
109/03/31,53901923,14712557472,273.0,274.0,269.5,274.0,+6.50,20343
109/04/01,47572034,13022612818,276.5,276.5,271.5,271.5,-2.5,19580
109/04/06,59712754,16324198154,273.0,275.5,270.0,275.5,4.0,19971
109/04/07,48887346,13817936851,283.5,284.0,280.5,283.0,7.5,24281
109/04/08,38698826,11016972354,285.0,285.5,283.0,285.0,2.0,19126
109/04/09,29276430,8346209654,287.5,288.0,282.5,283.0,-2.0,15271
109/04/10,28206858,7894277586,280.0,282.0,279.0,279.5,-3.5,15833
109/04/13,22196596,6202532380,278.5,281.5,278.5,278.5,-1.0,12809
109/04/14,50196688,14268689661,281.0,285.5,280.0,285.0,6.5,22214
109/04/15,58561434,16819851630,287.0,288.5,286.0,287.5,2.5,25696
109/04/16,48257280,13813721932,283.0,288.5,283.0,286.5,-1.0,19084
109/04/17,117447201,35719172728,303.5,308.5,300.5,306.5,20.0,60873
109/04/20,44586860,13605802989,308.0,309.0,302.5,304.0,-2.5,21791
109/04/21,61949357,18417786171,300.5,301.5,293.5,295.0,-9.0,39043
109/04/22,43568580,12746170556,294.5,295.0,290.5,294.0,-1.0,25176
109/04/23,39977278,11864085990,300.0,300.0,294.0,295.5,1.5,18541
109/04/24,26465090,7799075756,295.5,297.0,294.0,294.0,-1.5,13661
109/04/27,38493406,11461378300,298.0,298.5,296.0,298.0,4.0,15916
109/04/28,37621165,11134919970,298.5,298.5,294.5,296.5,-1.5,18214
109/04/29,46253301,13861245296,299.0,301.5,298.0,299.0,2.5,21633
109/04/30,58439085,17753466901,302.0,305.0,301.5,304.5,5.5,26219
109/05/04,72252861,21341931218,294.5,296.5,294.0,295.0,-9.5,37736
109/05/05,23988405,7104774785,296.5,298.0,295.0,295.5,0.5,13569
109/05/06,35704479,10524838077,294.5,296.0,292.5,296.0,0.5,16046
109/05/07,28017198,8321170642,294.5,299.0,294.5,297.5,1.5,13149
109/05/08,35613893,10619091212,300.0,300.0,296.0,297.5,0.0,14345
109/05/11,32379019,9729431840,300.0,301.5,298.5,301.0,3.5,14920
109/05/12,52494788,15553012596,297.5,298.5,295.0,295.0,-6.0,29073
109/05/13,46158418,13619538824,293.0,297.0,292.5,297.0,2.0,14555
109/05/14,34480948,10119787160,293.0,295.0,292.5,293.0,-4.0,21482
109/05/15,44304804,13170466660,297.5,298.5,294.5,298.0,5.0,20071
109/05/18,96872065,28216346996,291.0,293.5,290.0,290.0,-8.0,49640
109/05/19,53083214,15527338138,294.0,294.0,291.5,291.5,1.5,22033
109/05/20,36789994,10772280152,293.0,294.0,291.0,294.0,2.5,16906
109/05/21,36299468,10782482962,296.0,298.0,295.0,297.5,3.5,17064
109/05/22,41138923,12025339565,294.5,295.0,291.0,292.0,-5.5,22345
109/05/25,32942223,9568008388,290.5,293.0,288.5,292.0,0.0,14585
109/05/26,35817481,10609868646,295.0,297.5,293.5,295.5,3.5,19524
109/05/27,23375959,6932934823,297.0,298.0,295.5,296.5,1.0,11244
109/05/28,32395568,9575118830,298.5,298.5,293.0,294.0,-2.5,13208
109/05/29,96611181,28172174547,292.0,292.5,290.0,292.0,-2.0,21037
109/06/01,37936214,11205227094,294.0,296.5,293.5,295.5,+3.50,15502
109/06/02,26663587,7908476089,296.0,297.5,296.0,296.5,+1.00,9743
109/06/03,67894337,20354971677,300.0,301.0,298.0,301.0,+4.50,33062
109/06/04,47225322,14414983532,305.0,306.0,304.0,306.0,+5.00,24482
109/06/05,44077262,13655618646,308.5,312.0,308.0,311.5,+5.50,24096
109/06/08,52042921,16500836851,316.0,319.0,315.0,318.0,+6.50,28581
109/06/09,37068082,11746874522,316.5,319.0,314.0,319.0,+1.00,19981
109/06/10,42207259,13566733306,319.0,324.0,318.0,322.5,+3.50,22670
109/06/11,50612255,16340456218,325.5,327.0,318.5,320.5,-2.00,27061
109/06/12,46970918,14811252573,313.0,317.5,312.5,316.0,-4.50,25263
109/06/15,51032404,15955585136,316.0,317.5,308.5,309.5,-6.50,29255
109/06/16,40725216,12823172756,317.0,317.0,314.0,315.0,+5.50,19377
109/06/17,34692968,10922017056,316.5,317.0,313.5,315.0,0.00,16218
109/06/18,35443474,11123108346,314.5,315.0,313.0,314.5,X0.00,11897
109/06/19,48130280,15102300186,314.0,314.5,312.0,314.5,0.00,12915
109/06/22,37374616,11722688924,314.5,316.5,312.0,312.0,-2.50,18836
109/06/23,41300084,12981121544,316.0,316.5,312.5,315.0,+3.00,15959
109/06/24,55464024,17641164202,319.0,320.0,316.0,317.5,+2.50,27086
109/06/29,56672892,17695228688,314.0,315.0,310.0,312.0,-5.50,30558
109/06/30,49241860,15386428040,313.5,314.0,311.0,313.0,+1.00,16165
109/07/01,29685342,9400765756,315.0,318.0,314.0,317.5,4.5,15617
109/07/02,37789178,12119073560,319.0,322.0,318.0,322.0,4.5,18355
109/07/03,55656987,18280314743,327.0,330.5,326.5,329.5,7.5,30235
109/07/06,57256220,19200718243,332.5,338.0,332.0,338.0,8.5,31866
109/07/07,59046323,20143258406,343.5,346.0,338.0,338.5,0.5,32076
109/07/08,33813218,11522915649,337.5,342.5,337.5,341.0,2.5,16673
109/07/09,37410376,12912747970,346.0,347.0,343.0,345.0,4.0,20205
109/07/10,60902108,21298923681,352.5,353.0,345.5,348.5,3.5,32227
109/07/13,49459523,17425372488,351.0,354.5,350.5,354.5,6.0,23217
109/07/14,63030150,22602878292,355.0,364.0,354.5,363.5,9.0,30996
109/07/15,75105362,27486789803,366.0,370.0,361.0,363.0,-0.5,37607
109/07/16,68582512,24506038172,359.0,361.0,353.5,357.5,-5.5,35598
109/07/17,66403485,24244495853,361.0,369.0,360.0,367.0,9.5,36729
109/07/20,44940238,16487970674,370.0,370.0,362.5,366.0,-1.0,23335
109/07/21,64440128,24491627162,372.5,387.0,371.5,383.0,17.0,40266
109/07/22,43959670,16844625030,381.0,386.0,379.0,384.0,1.0,25530
109/07/23,45397282,17302637512,382.0,383.0,379.0,381.5,-2.5,22916
109/07/24,90988734,35368857726,390.0,395.0,382.0,386.0,4.5,45099
109/07/27,103315640,43637877952,420.5,424.5,416.5,424.5,38.5,49294
109/07/28,172157746,77804668620,464.0,466.5,428.5,435.0,10.5,92239
109/07/29,88641166,37649278004,428.0,431.5,419.5,422.0,-13.0,53111
109/07/30,69936949,30329225735,436.5,441.0,428.5,434.0,12.0,36627
109/07/31,50484674,21567922126,426.0,432.0,425.5,425.5,-8.5,27653
109/08/03,77288571,32339719000,420.5,424.0,415.0,416.0,-9.5,43360
109/08/04,41697445,17600499460,421.5,425.5,418.5,425.5,9.5,22250
109/08/05,47460834,20356413204,430.5,433.5,426.0,429.0,3.5,24715
109/08/06,43443627,18877761758,437.5,438.0,431.0,435.0,6.0,22414
109/08/07,37611388,16218241255,433.5,434.0,428.0,433.0,-2.0,19739
109/08/10,36067500,15674843876,427.5,437.5,427.5,435.5,2.5,21342
109/08/11,34545313,14918017903,432.0,435.0,429.0,429.0,-6.5,20297
109/08/12,53980474,22721731886,422.0,423.5,419.0,419.0,-10.0,32761
109/08/13,45669335,19514322038,428.0,429.0,424.5,429.0,10.0,21499
109/08/14,24259947,10332447763,424.0,428.0,423.0,427.0,-2.0,12642
109/08/17,34607731,14930831216,427.0,435.0,425.5,435.0,8.0,20823
109/08/18,45504160,19824413320,440.0,440.5,432.0,433.0,-2.0,21119
109/08/19,31486800,13574970200,436.0,436.5,427.5,427.5,-5.5,18279
109/08/20,75155235,31353886930,427.0,427.5,401.0,415.0,-12.5,45670
109/08/21,41956467,17770610338,421.5,427.0,420.0,424.5,9.5,23059
109/08/24,49199406,21139093710,427.5,434.5,425.0,428.0,3.5,24672
109/08/25,37024899,16076146369,433.5,436.0,430.5,434.5,6.5,22035
109/08/26,41406340,18169230108,435.5,442.0,435.0,442.0,7.5,25305
109/08/27,57206712,25658355402,448.0,453.5,444.0,444.0,2.0,31575
109/08/28,57039210,24868453700,440.0,440.5,431.0,435.0,-9.0,35253
109/08/31,88569538,38106113563,437.0,439.5,426.5,426.5,-8.5,28294
109/09/01,50129577,21681382412,430.0,435.0,428.0,435.0,+8.50,17137
109/09/02,42013407,18268716092,441.0,441.0,430.5,433.0,-2.00,20242
109/09/03,40683617,17768951582,439.5,439.5,433.5,436.0,+3.00,17810
109/09/04,51349911,22051596821,427.0,432.5,427.0,429.0,-7.00,27893
109/09/07,39854584,17060627028,428.0,432.5,425.0,426.0,-3.00,20003
109/09/08,23714670,10208232440,428.0,433.0,427.5,431.0,+5.00,12440
109/09/09,40727362,17312991408,425.0,428.0,423.0,427.0,-4.00,21740
109/09/10,35281921,15275112115,432.5,435.0,430.5,435.0,+8.00,18244
109/09/11,34893469,15171902036,435.5,436.5,432.5,436.5,+1.50,14647
109/09/14,39325833,17282659859,436.0,442.0,435.5,441.0,+4.50,19854
109/09/15,39661449,17608049536,440.5,447.0,439.5,445.0,+4.00,21845
109/09/16,70608238,32379722344,460.0,462.0,455.5,458.0,+13.00,38172
109/09/17,44420506,20006793320,453.0,455.0,446.5,448.5,X0.00,26718
109/09/18,52999922,23598268654,447.0,449.5,443.0,444.0,-4.50,20849
109/09/21,40193920,17842486882,443.5,450.0,440.0,440.0,-4.00,25834
109/09/22,36842639,16140184501,440.0,441.0,436.0,437.0,-3.00,22692
109/09/23,47426963,20592831368,436.0,438.5,432.0,433.5,-3.50,27828
109/09/24,82510381,35076048246,425.5,429.0,423.0,423.0,-10.50,54922
109/09/25,41263269,17522224043,427.0,428.0,421.0,424.0,+1.00,23290
109/09/28,34427479,14758341446,427.0,431.5,424.5,431.5,+7.50,19286
109/09/29,42730502,18419905574,432.5,435.0,428.0,431.0,-0.50,18647
109/09/30,28859204,12496613056,430.5,435.0,430.5,433.0,+2.00,14203
109/10/05,33238832,14450407588,438.0,438.0,431.5,432.5,-0.5,18148
109/10/06,36276395,15935558262,441.5,442.0,437.5,439.5,7.0,20189
109/10/07,44691239,19693987093,435.0,445.0,435.0,443.0,3.5,24438
109/10/08,60853811,27461867933,450.0,454.0,448.5,453.0,10.0,37378
109/10/12,67645223,31061721030,458.0,462.0,457.5,460.0,7.0,36118
109/10/13,46303738,21346346714,465.0,465.0,456.5,462.0,2.0,25938
109/10/14,52677241,24157138176,460.5,461.0,457.0,459.0,-3.0,22599
109/10/15,49987278,22668836399,456.0,456.5,450.0,453.0,-6.0,23794
109/10/16,48274801,21775749575,451.0,456.0,448.5,449.0,-4.0,26602
109/10/19,34846906,15854021670,453.0,457.5,451.0,457.5,8.5,17112
109/10/20,26567638,12065806730,455.5,457.0,451.0,451.0,-6.5,12725
109/10/21,29906921,13561798906,453.5,456.0,451.0,453.0,2.0,15490
109/10/22,25285547,11435937453,450.0,455.0,449.5,455.0,2.0,10354
109/10/23,18777385,8516604326,458.0,458.0,451.5,452.0,-3.0,9909
109/10/26,15800622,7136001014,455.0,455.0,450.0,450.0,-2.0,17664
109/10/27,31795010,14213282507,447.5,448.5,445.5,447.0,-3.0,30644
109/10/28,26221663,11660544725,445.0,447.0,443.0,444.0,-3.0,35598
109/10/29,43075387,18832675652,436.5,439.5,435.5,437.0,-7.0,55027
109/10/30,49770771,21614729093,437.0,437.0,432.0,432.0,-5.0,46871
109/11/02,34539576,14901775161,433.0,435.5,428.0,435.5,3.5,35704
109/11/03,31461727,13852498196,439.5,443.0,438.0,441.0,5.5,21031
109/11/04,37929652,16969841989,444.5,451.5,443.0,450.0,9.0,30087
109/11/05,36539446,16404944484,451.5,451.5,445.5,451.0,1.0,24764
109/11/06,32644190,14788989058,455.0,455.5,450.0,452.5,1.5,20999
109/11/09,43415670,19865414906,458.0,460.0,454.0,458.5,6.0,27868
109/11/10,36786882,16610287996,452.0,454.5,448.5,451.0,-7.5,31009
109/11/11,40355804,18326545251,448.5,457.0,448.5,457.0,6.0,23150
109/11/12,57993774,26690353577,463.0,463.5,457.5,458.0,1.0,28011
109/11/13,31483881,14478873331,459.0,462.0,456.5,462.0,4.0,21663
109/11/16,83380911,39658459663,470.0,484.5,469.0,484.0,22.0,67363
109/11/17,75763870,37446278783,502.0,506.0,485.5,485.5,1.5,68560
109/11/18,56607501,27883387314,490.0,497.0,486.5,497.0,11.5,38186
109/11/19,47345316,23320435165,499.0,499.0,490.0,490.0,-7.0,40198
109/11/20,35242579,17191897556,486.0,490.0,486.0,488.0,-2.0,30557
109/11/23,43708352,21661263304,494.5,498.5,492.0,496.5,8.5,26794
109/11/24,38630079,19113408398,499.5,500.0,491.5,492.0,-4.5,34407
109/11/25,47179640,23142083458,495.0,495.5,487.0,487.0,-5.0,40066
109/11/26,31844322,15606951086,489.0,493.5,488.0,489.0,2.0,19587
109/11/27,35196829,17205872680,487.5,492.0,486.5,489.0,0.0,21314
109/11/30,149311778,72095050187,493.0,493.5,480.5,480.5,-8.5,49362
109/12/01,38341265,18719729411,489.5,490.0,483.5,490.0,+9.50,24827
109/12/02,60208035,29970556095,499.5,500.0,493.5,499.0,+9.00,35624
109/12/03,36919644,18369786608,499.5,499.5,495.0,497.0,-2.00,25651
109/12/04,54471042,27307472890,498.5,505.0,497.5,503.0,+6.00,35708
109/12/07,45493551,23243392840,512.0,515.0,506.0,514.0,+11.00,34767
109/12/08,41830257,21673267551,514.0,525.0,509.0,524.0,+10.00,35895
109/12/09,46831705,24416275048,521.0,524.0,520.0,520.0,-4.00,31749
109/12/10,43991133,22516917355,511.0,515.0,510.0,512.0,-8.00,49079
109/12/11,51296611,26259941709,517.0,517.0,505.0,516.0,+4.00,50929
109/12/14,30809747,15703026732,512.0,513.0,508.0,508.0,-8.00,33415
109/12/15,43059899,21780400998,507.0,510.0,504.0,504.0,-4.00,43967
109/12/16,53661282,27504184031,509.0,515.0,507.0,512.0,+8.00,30574
109/12/17,39285785,20052530030,515.0,515.0,508.0,508.0,X0.00,34785
109/12/18,40625502,20690792789,508.0,512.0,507.0,510.0,+2.00,20638
109/12/21,35153138,18033402498,512.0,517.0,508.0,516.0,+6.00,21765
109/12/22,25632245,13125205685,512.0,516.0,509.0,509.0,-7.00,25973
109/12/23,18320849,9321219765,508.0,511.0,506.0,509.0,0.00,16428
109/12/24,15218008,7759366699,511.0,512.0,508.0,510.0,+1.00,12743
109/12/25,12581145,6449612552,514.0,515.0,510.0,511.0,+1.00,14988
109/12/28,19520886,10023145125,512.0,515.0,509.0,515.0,+4.00,16675
109/12/29,20226736,10409159045,515.0,517.0,513.0,515.0,0.00,17187
109/12/30,46705107,24306881615,516.0,525.0,514.0,525.0,+10.00,33173
109/12/31,31173332,16437646054,526.0,530.0,524.0,530.0,+5.00,25138
110/01/04,39489959,21127581248,530.0,540.0,528.0,536.0,6.0,33316
110/01/05,34839391,18761831567,536.0,542.0,535.0,542.0,6.0,28512
110/01/06,55614434,30572783229,555.0,555.0,541.0,549.0,7.0,55462
110/01/07,53392763,30018630685,554.0,570.0,553.0,565.0,16.0,47905
110/01/08,62957148,36339702855,580.0,580.0,571.0,580.0,15.0,56426
110/01/11,52771778,30535694908,577.0,584.0,574.0,584.0,4.0,49539
110/01/12,52605212,30958142918,583.0,597.0,582.0,591.0,7.0,59595
110/01/13,75707681,45419255149,595.0,605.0,593.0,605.0,14.0,59966
110/01/14,90309708,53477747672,587.0,597.0,587.0,592.0,-13.0,111849
110/01/15,100998199,61876473170,621.0,625.0,601.0,601.0,9.0,105961
110/01/18,50388664,30406611574,608.0,608.0,594.0,607.0,6.0,49008
110/01/19,52947466,32934404720,618.0,632.0,613.0,627.0,20.0,55490
110/01/20,95484470,61279319857,633.0,650.0,631.0,647.0,20.0,95577
110/01/21,97590371,64624578866,640.0,679.0,640.0,673.0,26.0,115004
110/01/22,134238314,88023707664,649.0,665.0,649.0,649.0,-24.0,235186
110/01/25,98608285,62583576696,642.0,646.0,626.0,633.0,-16.0,154134
110/01/26,114797609,71638808826,632.0,640.0,610.0,617.0,-16.0,177764
110/01/27,72823691,44931754892,618.0,625.0,611.0,615.0,-2.0,77274
110/01/28,104181514,62647021616,600.0,608.0,598.0,601.0,-14.0,157835
110/01/29,96875889,58399782288,619.0,619.0,591.0,591.0,-10.0,129394
110/02/01,70161939,42004241697,595.0,612.0,587.0,611.0,20.0,81346
110/02/02,80724207,50938461582,629.0,638.0,622.0,632.0,21.0,82687
110/02/03,59763227,37926170035,638.0,642.0,630.0,630.0,-2.0,56515
110/02/04,47547873,29765963971,626.0,632.0,620.0,627.0,-3.0,44668
110/02/05,57350831,36435290641,638.0,641.0,631.0,632.0,5.0,51140
110/02/17,115578402,76728732025,663.0,668.0,660.0,663.0,31.0,91925
110/02/18,54520341,36024245089,664.0,665.0,656.0,660.0,-3.0,49914
110/02/19,51651844,33676514428,656.0,657.0,647.0,652.0,-8.0,63171
110/02/22,39512078,25885948680,660.0,662.0,650.0,650.0,-2.0,47116
110/02/23,52868029,33779796222,641.0,643.0,633.0,641.0,-9.0,73349
110/02/24,80010637,50333904697,627.0,636.0,625.0,625.0,-16.0,138264
110/02/25,45279276,28634410089,636.0,636.0,628.0,635.0,10.0,46506
110/02/26,137933162,84194194399,611.0,618.0,606.0,606.0,-29.0,212428
110/03/02,57792973,35565213485,621.0,622.0,609.0,609.0,+3.00,71325
110/03/03,61171387,37550028241,609.0,622.0,601.0,622.0,+13.00,57677
110/03/04,75508388,45662897489,609.0,611.0,601.0,601.0,-21.00,143916
110/03/05,85579527,50968119396,588.0,605.0,584.0,601.0,0.00,127693
110/03/08,47676630,28737004484,608.0,610.0,598.0,598.0,-3.00,84570
110/03/09,74471341,43957092621,585.0,595.0,585.0,595.0,-3.00,119867
110/03/10,41735443,24904320192,601.0,601.0,593.0,597.0,+2.00,54196
110/03/11,55462783,33584884382,596.0,612.0,595.0,609.0,+12.00,47948
110/03/12,33876990,20780886905,615.0,618.0,609.0,614.0,+5.00,36145
110/03/15,29767904,18194081208,614.0,614.0,609.0,611.0,-3.00,26753
110/03/16,37780820,23074187740,610.0,613.0,607.0,613.0,+2.00,37573
110/03/17,43942131,26638906800,612.0,612.0,602.0,604.0,X0.00,68585
110/03/18,30223846,18286667342,606.0,609.0,602.0,602.0,-2.00,31677
110/03/19,74960854,44407634402,594.0,598.0,591.0,591.0,-11.00,106938
110/03/22,35931375,21250445678,588.0,598.0,586.0,593.0,+2.00,55005
110/03/23,31933358,19057386513,597.0,603.0,593.0,594.0,+1.00,36423
110/03/24,115318351,66559451738,571.0,582.0,571.0,576.0,-18.00,242138
110/03/25,74225812,42594849855,572.0,581.0,570.0,575.0,-1.00,115951
110/03/26,37937242,22271364837,582.0,592.0,580.0,590.0,+15.00,49718
110/03/29,40573913,24302039570,599.0,602.0,596.0,599.0,+9.00,44500
110/03/30,34686346,20661203325,600.0,600.0,592.0,597.0,-2.00,46755
110/03/31,44454672,26217366895,596.0,597.0,587.0,587.0,-10.00,70527
110/04/01,45972766,27520742963,598.0,602.0,594.0,602.0,15.0,48170
110/04/06,37664216,23045132094,615.0,616.0,608.0,610.0,8.0,42422
110/04/07,28140964,17175949080,614.0,614.0,608.0,610.0,0.0,28395
110/04/08,26658283,16217570357,606.0,613.0,603.0,613.0,3.0,32098
110/04/09,31601619,19344167081,618.0,618.0,609.0,610.0,-3.0,28920
110/04/12,23319822,14155495430,612.0,613.0,603.0,605.0,-5.0,33422
110/04/13,27386926,16638680378,604.0,613.0,604.0,605.0,0.0,30438
110/04/14,31144922,18868308243,608.0,612.0,600.0,612.0,7.0,41234
110/04/15,36394255,22332532476,612.0,619.0,607.0,619.0,7.0,40541
110/04/16,49952191,30335377876,610.0,611.0,603.0,610.0,-9.0,67601
110/04/19,25234976,15224292755,605.0,607.0,601.0,603.0,-7.0,43094
110/04/20,36655069,21969721089,598.0,602.0,595.0,602.0,-1.0,54247
110/04/21,41893725,24933016553,599.0,599.0,592.0,592.0,-10.0,92840
110/04/22,38094824,22626436436,596.0,598.0,591.0,591.0,-1.0,64897
110/04/23,29004756,17336162729,592.0,602.0,590.0,602.0,11.0,29147
110/04/26,32426908,19673836650,605.0,610.0,603.0,610.0,8.0,35286
110/04/27,26761401,16274064043,608.0,611.0,605.0,610.0,0.0,25203
110/04/28,24601487,14833592900,606.0,608.0,601.0,602.0,-8.0,32198
110/04/29,35756460,21579514979,609.0,609.0,600.0,600.0,-2.0,30756
110/05/03,46801189,27676378065,595.0,597.0,588.0,588.0,-12.0,104468
110/05/04,45507479,26756714081,588.0,594.0,582.0,591.0,3.0,69833
110/05/05,31786592,18603594408,594.0,594.0,585.0,585.0,-6.0,52496
110/05/06,33165446,19405281385,590.0,590.0,580.0,587.0,2.0,69578
110/05/07,28719597,17131817777,594.0,600.0,589.0,599.0,12.0,30063
110/05/10,21365583,12626811276,596.0,597.0,588.0,589.0,-10.0,43154
110/05/11,66035839,37939364597,579.0,580.0,570.0,571.0,-18.0,184838
110/05/12,138328672,76325765887,567.0,571.0,518.0,560.0,-11.0,223058
110/05/13,71519430,39495488180,547.0,563.0,541.0,547.0,-13.0,105026
110/05/14,38625148,21474513930,556.0,562.0,552.0,557.0,10.0,52919
110/05/17,58446847,32066868553,544.0,558.0,541.0,549.0,-8.0,76808
110/05/18,44584258,25226153189,563.0,573.0,555.0,572.0,23.0,52152
110/05/19,29610174,16832735286,571.0,572.0,565.0,567.0,-5.0,34443
110/05/20,36605692,20670883290,567.0,571.0,560.0,567.0,0.0,32301
110/05/21,28009899,16016851343,572.0,577.0,568.0,573.0,6.0,27050
110/05/24,15981036,9090836697,570.0,572.0,566.0,568.0,-5.0,20189
110/05/25,35445350,20525932956,576.0,584.0,573.0,583.0,15.0,39032
110/05/26,19555305,11433686898,587.0,588.0,581.0,585.0,2.0,21034
110/05/27,70061002,40643804852,580.0,582.0,573.0,582.0,-3.0,37545
110/05/28,30720737,18082265480,587.0,592.0,582.0,590.0,8.0,31581
110/05/31,31557426,18751716595,595.0,597.0,590.0,597.0,7.0,29798
110/06/01,18405285,10985893229,598.0,599.0,595.0,598.0,+1.00,20318
110/06/02,22416789,13362065937,600.0,600.0,593.0,595.0,-3.00,25170
110/06/03,31703679,18939839664,600.0,600.0,596.0,596.0,+1.00,20749
110/06/04,16072580,9521252157,591.0,595.0,590.0,595.0,-1.00,19112
110/06/07,17729179,10471176330,594.0,595.0,583.0,592.0,-3.00,25364
110/06/08,14083552,8312653665,590.0,595.0,588.0,589.0,-3.00,14051
110/06/09,21575159,12618113390,586.0,588.0,583.0,586.0,-3.00,36405
110/06/10,29741770,17696413894,591.0,599.0,587.0,599.0,+13.00,30487
110/06/11,24940705,15011140567,602.0,603.0,600.0,602.0,+3.00,25271
110/06/15,30245897,18415370774,607.0,609.0,606.0,609.0,+7.00,33515
110/06/16,28624508,17401326587,608.0,608.0,605.0,605.0,-4.00,25816
110/06/17,26477032,15924656516,601.0,606.0,598.0,606.0,X0.00,21061
110/06/18,42036170,25373026235,608.0,608.0,601.0,603.0,-3.00,16899
110/06/21,47339695,27749202661,590.0,594.0,583.0,583.0,-20.00,109204
110/06/22,30578091,17786329582,585.0,588.0,578.0,578.0,-5.00,56057
110/06/23,36386023,21500052844,583.0,598.0,581.0,595.0,+17.00,34454
110/06/24,19322765,11435647488,598.0,598.0,588.0,590.0,-5.00,18494
110/06/25,19140086,11355715486,598.0,598.0,589.0,591.0,+1.00,16850
110/06/28,15401977,9056869217,590.0,590.0,586.0,590.0,-1.00,20825
110/06/29,30837548,18350027611,598.0,598.0,591.0,595.0,+5.00,24078
110/06/30,34021380,20301841661,599.0,599.0,595.0,595.0,0.00,20097
110/07/01,18719706,11116195742,596.0,597.0,591.0,593.0,-2.0,20565
110/07/02,19633718,11562140245,590.0,593.0,587.0,588.0,-5.0,24056
110/07/05,30274105,17957255325,588.0,597.0,588.0,591.0,3.0,21836
110/07/06,13830591,8185167307,595.0,596.0,589.0,592.0,1.0,15751
110/07/07,17329148,10250342169,590.0,594.0,588.0,594.0,2.0,18023
110/07/08,21596183,12733045117,595.0,595.0,588.0,588.0,-6.0,23352
110/07/09,30602492,17821338170,582.0,585.0,580.0,584.0,-4.0,51232
110/07/12,33011596,19612592644,595.0,597.0,590.0,593.0,9.0,28636
110/07/13,54894335,33158730436,600.0,608.0,599.0,607.0,14.0,60121
110/07/14,39670241,24276719505,613.0,615.0,608.0,613.0,6.0,43173
110/07/15,23057868,14117908308,613.0,614.0,608.0,614.0,1.0,29913
110/07/16,61882128,36562482701,591.0,595.0,588.0,589.0,-25.0,86192
110/07/19,43248966,25135531384,583.0,584.0,578.0,582.0,-7.0,86753
110/07/20,16352855,9502338666,579.0,584.0,579.0,581.0,-1.0,27956
110/07/21,26476215,15440430690,586.0,586.0,580.0,585.0,4.0,32757
110/07/22,27075950,16014166571,589.0,594.0,587.0,591.0,6.0,23365
110/07/23,15705191,9206201715,592.0,592.0,583.0,585.0,-6.0,23635
110/07/26,22442745,13089591086,591.0,591.0,580.0,580.0,-5.0,37826
110/07/27,18925325,10997959654,581.0,584.0,580.0,580.0,0.0,20197
110/07/28,39744486,22884618824,576.0,579.0,573.0,579.0,-1.0,75078
110/07/29,25014772,14525643464,585.0,585.0,577.0,583.0,4.0,26868
110/07/30,26141286,15170421873,581.0,582.0,578.0,580.0,-3.0,16353
110/08/02,24948096,14593329483,583.0,590.0,580.0,590.0,10.0,19791
110/08/03,28104984,16655446605,594.0,594.0,590.0,594.0,4.0,20221
110/08/04,23714971,14132827829,598.0,598.0,594.0,596.0,2.0,18228
110/08/05,15673765,9343887536,598.0,598.0,593.0,596.0,0.0,15495
110/08/06,13994018,8275142201,596.0,596.0,588.0,591.0,-5.0,13742
110/08/09,17611955,10366798182,590.0,595.0,583.0,595.0,4.0,15068
110/08/10,17620825,10435618093,596.0,596.0,589.0,591.0,-4.0,13983
110/08/11,20311399,11943131619,590.0,590.0,585.0,590.0,-1.0,18548
110/08/12,16031265,9383967628,586.0,588.0,584.0,586.0,-4.0,15202
110/08/13,25440973,14769155709,585.0,585.0,579.0,581.0,-5.0,36198
110/08/16,19949389,11612486234,582.0,586.0,578.0,584.0,3.0,17055
110/08/17,31845499,18475506150,580.0,582.0,578.0,580.0,-4.0,19184
110/08/18,47063629,26855353529,568.0,575.0,566.0,574.0,-6.0,86118
110/08/19,42133375,23766228074,573.0,573.0,559.0,559.0,-15.0,119048
110/08/20,47741449,26565551162,560.0,563.0,551.0,552.0,-7.0,72684
110/08/23,34775337,19688362857,560.0,572.0,559.0,566.0,14.0,30421
110/08/24,27397309,15697269609,574.0,575.0,571.0,572.0,6.0,21032
110/08/25,28867651,16769849402,579.0,585.0,574.0,585.0,13.0,29096
110/08/26,45027320,26834160811,601.0,603.0,591.0,594.0,9.0,42735
110/08/27,29459532,17596859741,596.0,600.0,593.0,599.0,5.0,31217
110/08/30,40606821,24425472555,602.0,605.0,599.0,605.0,6.0,43096
110/08/31,58916407,35867753009,604.0,614.0,598.0,614.0,9.0,46791
110/09/01,31242788,19126702297,614.0,614.0,608.0,613.0,-1.00,30125
110/09/02,26715492,16341803689,613.0,615.0,607.0,607.0,-6.00,26153
110/09/03,53915006,33278648609,610.0,620.0,610.0,620.0,+13.00,62288
110/09/06,59223061,37250623087,623.0,638.0,621.0,631.0,+11.00,77024
110/09/07,27422775,17191259166,634.0,634.0,623.0,623.0,-8.00,29823
110/09/08,38713621,23960375113,622.0,627.0,612.0,619.0,-4.00,38267
110/09/09,19309522,11886107760,612.0,620.0,610.0,619.0,0.00,19569
110/09/10,16740439,10365721937,615.0,623.0,614.0,622.0,+3.00,17067
110/09/13,15809768,9734528161,619.0,620.0,613.0,615.0,-7.00,21779
110/09/14,16024935,9849961184,618.0,618.0,612.0,613.0,-2.00,13569
110/09/15,26041452,15872971715,610.0,613.0,607.0,607.0,-6.00,24839
110/09/16,23315040,14030697248,603.0,607.0,599.0,600.0,X0.00,31437
110/09/17,42383815,25510152115,600.0,610.0,599.0,600.0,0.00,18681
110/09/22,42732169,25056693727,586.0,589.0,583.0,586.0,-14.00,70389
110/09/23,22736266,13406035166,588.0,593.0,588.0,588.0,+2.00,22991
110/09/24,17302848,10289114839,591.0,598.0,590.0,598.0,+10.00,15796
110/09/27,20034221,11993300562,600.0,602.0,593.0,602.0,+4.00,16349
110/09/28,17325896,10291543822,595.0,596.0,592.0,594.0,-8.00,16496
110/09/29,51834124,30040354500,580.0,583.0,577.0,580.0,-14.00,95024
110/09/30,36318623,21054651328,580.0,585.0,575.0,580.0,0.00,32973
110/10/01,39006124,22368447571,579.0,579.0,571.0,574.0,-6.0,78088
110/10/04,22288138,12741914919,574.0,575.0,569.0,572.0,-2.0,42147
110/10/05,36063650,20406526124,562.0,572.0,560.0,572.0,0.0,56678
110/10/06,33989379,19345468774,573.0,574.0,565.0,571.0,-1.0,53606
110/10/07,28480400,16458019782,575.0,582.0,572.0,580.0,9.0,23304
110/10/08,22601904,13051944932,582.0,583.0,573.0,575.0,-5.0,24157
110/10/12,27126088,15455194493,570.0,575.0,564.0,575.0,0.0,32210
110/10/13,19267437,11006807040,572.0,575.0,570.0,571.0,-4.0,18050
110/10/14,14270641,8213170376,579.0,579.0,573.0,573.0,2.0,14814
110/10/15,55305252,32878638999,592.0,600.0,586.0,600.0,27.0,61088
110/10/18,19753943,11802365489,604.0,604.0,590.0,590.0,-10.0,21353
110/10/19,18709936,11196540994,598.0,600.0,593.0,600.0,10.0,20482
110/10/20,17537878,10527701553,603.0,604.0,597.0,598.0,-2.0,16410
110/10/21,16882324,10116911921,602.0,603.0,595.0,596.0,-2.0,17599
110/10/22,14236279,8520299817,600.0,602.0,594.0,600.0,4.0,12812
110/10/25,17724968,10518554968,597.0,597.0,590.0,593.0,-7.0,16139
110/10/26,27047187,16169131795,595.0,600.0,593.0,599.0,6.0,13081
110/10/27,16260278,9708715733,598.0,599.0,594.0,599.0,0.0,12042
110/10/28,16927154,10066068774,598.0,598.0,591.0,595.0,-4.0,15065
110/10/29,27684673,16352758906,595.0,596.0,589.0,590.0,-5.0,19937
110/11/01,17110357,10107402871,591.0,593.0,590.0,590.0,0.0,13798
110/11/02,16544999,9808608554,594.0,597.0,590.0,592.0,2.0,11662
110/11/03,11404984,6773439607,597.0,597.0,592.0,592.0,0.0,8934
110/11/04,18888245,11112246412,592.0,594.0,585.0,587.0,-5.0,22171
110/11/05,35086799,20974569571,598.0,600.0,595.0,600.0,13.0,31929
110/11/08,20886897,12544595323,600.0,602.0,598.0,602.0,2.0,17964
110/11/09,42340785,25935652781,611.0,617.0,610.0,611.0,9.0,42855
110/11/10,18518512,11303615778,611.0,612.0,608.0,612.0,1.0,19147
110/11/11,20257792,12225622771,600.0,606.0,600.0,606.0,-6.0,16140
110/11/12,21373014,12801799429,610.0,611.0,602.0,604.0,-2.0,13869
110/11/15,17140935,10434209332,609.0,611.0,607.0,608.0,4.0,13140
110/11/16,21776308,13285168416,612.0,612.0,608.0,610.0,2.0,14487
110/11/17,21829653,13330782804,615.0,615.0,608.0,610.0,0.0,14807
110/11/18,22933191,14019057524,613.0,614.0,607.0,613.0,3.0,15913
110/11/19,38847820,24047156185,622.0,623.0,617.0,618.0,5.0,32179
110/11/22,23296854,14354639781,618.0,618.0,615.0,615.0,-3.0,14108
110/11/23,20022520,12266300247,615.0,615.0,611.0,612.0,-3.0,15011
110/11/24,22978524,13904268592,612.0,612.0,602.0,603.0,-9.0,23584
110/11/25,14171433,8551663451,605.0,607.0,601.0,603.0,0.0,14137
110/11/26,27882175,16609442268,598.0,601.0,592.0,596.0,-7.0,47638
110/11/29,24160615,14360266132,594.0,598.0,591.0,593.0,-3.0,23653
110/11/30,69160408,41208103150,597.0,600.0,591.0,596.0,3.0,24427
110/12/01,30119408,18021861252,596.0,603.0,594.0,600.0,+4.00,15695
110/12/02,48720976,29780012954,605.0,615.0,602.0,615.0,+15.00,40629
110/12/03,27571974,16798271782,614.0,614.0,606.0,608.0,-7.00,16197
110/12/06,24474913,14740969839,603.0,609.0,600.0,600.0,-8.00,19139
110/12/07,21105883,12704452330,602.0,607.0,597.0,607.0,+7.00,22160
110/12/08,22194708,13490034097,614.0,614.0,602.0,602.0,-5.00,15634
110/12/09,12467833,7554386680,606.0,608.0,602.0,608.0,+6.00,9231
110/12/10,11371659,6874539365,605.0,608.0,602.0,605.0,-3.00,9215
110/12/13,17994933,10887156003,609.0,610.0,601.0,601.0,-4.00,12503
110/12/14,22997961,13757424386,598.0,600.0,597.0,599.0,-2.00,21324
110/12/15,22419040,13420958112,597.0,601.0,596.0,600.0,+1.00,19195
110/12/16,22151282,13370280179,605.0,605.0,601.0,605.0,X0.00,15515
110/12/17,30319495,18339763894,601.0,607.0,599.0,607.0,+2.00,11667
110/12/20,22381761,13446342438,607.0,607.0,598.0,598.0,-9.00,18943
110/12/21,17669559,10560361874,597.0,600.0,595.0,597.0,-1.00,17336
110/12/22,10127887,6067689422,598.0,601.0,598.0,600.0,+3.00,8238
110/12/23,16910501,10238270336,607.0,608.0,602.0,606.0,+6.00,12888
110/12/24,12008673,7276331245,606.0,609.0,604.0,604.0,-2.00,10444
110/12/27,16771900,10193462167,604.0,610.0,604.0,606.0,+2.00,16637
110/12/28,35156339,21569506434,610.0,615.0,610.0,615.0,+9.00,36241
110/12/29,25604320,15788043027,615.0,619.0,614.0,616.0,+1.00,28804
110/12/30,20522055,12654016133,619.0,620.0,615.0,615.0,-1.00,15565
111/01/03,73703302,46249716919,619.0,632.0,618.0,631.0,16.0,88508
111/01/04,90945643,59188199534,645.0,656.0,644.0,656.0,25.0,106409
111/01/05,72505550,47582832784,669.0,669.0,646.0,650.0,-6.0,64712
111/01/06,57490736,36817638522,638.0,646.0,636.0,644.0,-6.0,53430
111/01/07,39847766,25358237656,643.0,646.0,632.0,634.0,-10.0,44497
111/01/10,39286754,25052138297,628.0,645.0,627.0,643.0,9.0,33453
111/01/11,36186544,23361588355,646.0,651.0,639.0,651.0,8.0,26849
111/01/12,40832298,26762357054,657.0,660.0,650.0,660.0,9.0,39164
111/01/13,39172028,25813559647,658.0,662.0,655.0,661.0,1.0,34355
111/01/14,98768193,66094477906,673.0,673.0,661.0,672.0,11.0,83211
111/01/17,63828552,43615303577,685.0,688.0,678.0,683.0,11.0,61981
111/01/18,48802321,32742176854,678.0,681.0,662.0,662.0,-21.0,65357
111/01/19,44092247,28859030269,652.0,660.0,651.0,654.0,-8.0,50763
111/01/20,48996473,31893527292,650.0,657.0,646.0,651.0,-3.0,39346
111/01/21,53966101,34642476570,644.0,646.0,637.0,641.0,-10.0,66088
111/01/24,48665203,31412475591,639.0,655.0,637.0,653.0,12.0,36231
111/01/25,53927064,34582254327,643.0,645.0,638.0,641.0,-12.0,56698
111/01/26,33093553,21089251429,635.0,641.0,635.0,636.0,-5.0,35647
111/02/07,64637049,41221401027,644.0,644.0,631.0,635.0,-1.0,43774
111/02/08,43786259,27805114442,645.0,645.0,628.0,628.0,-7.0,40026
111/02/09,33633394,21289086984,635.0,637.0,630.0,633.0,5.0,29746
111/02/10,37388892,24028303016,639.0,649.0,637.0,649.0,16.0,28452
111/02/11,28194682,18225628338,646.0,650.0,642.0,650.0,1.0,21995
111/02/14,39394670,25104180949,640.0,641.0,635.0,637.0,-13.0,33928
111/02/15,24497955,15556533655,633.0,639.0,633.0,633.0,-4.0,31907
111/02/16,27395771,17635435307,645.0,646.0,640.0,646.0,13.0,23136
111/02/17,20447347,13171026165,644.0,646.0,641.0,645.0,-1.0,16116
111/02/18,21948975,13997433486,638.0,639.0,636.0,637.0,-8.0,23892
111/02/21,25769408,16320629980,633.0,636.0,632.0,632.0,-5.0,41961
111/02/22,38526210,24153923316,628.0,630.0,625.0,627.0,-5.0,68303
111/02/23,34561338,21606428438,624.0,629.0,623.0,625.0,-2.0,50926
111/02/24,80672979,49358065299,618.0,619.0,604.0,604.0,-21.0,188248
111/02/25,94155943,56880320916,600.0,609.0,600.0,604.0,0.0,129776
111/03/01,70303880,42445208215,599.0,610.0,599.0,604.0,0.00,67439
111/03/02,42428151,25528700277,601.0,605.0,600.0,601.0,-3.00,58916
111/03/03,37103932,22373890387,603.0,607.0,601.0,602.0,+1.00,65410
111/03/04,65235167,38833099256,595.0,597.0,592.0,595.0,-7.00,206731
111/03/07,97167600,56147025127,580.0,581.0,575.0,576.0,-19.00,297917
111/03/08,88371413,49908147901,561.0,570.0,561.0,563.0,-13.00,269695
111/03/09,57512412,32761408119,567.0,573.0,567.0,568.0,+5.00,112422
111/03/10,49092145,28798814637,585.0,589.0,582.0,587.0,+19.00,71569
111/03/11,42981381,24820833930,581.0,582.0,574.0,575.0,-12.00,112158
111/03/14,38562552,22131365409,574.0,577.0,572.0,572.0,-3.00,87337
111/03/15,84338792,47191728965,562.0,563.0,558.0,558.0,-14.00,277901
111/03/16,50764807,28345633852,564.0,565.0,555.0,558.0,X0.00,110732
111/03/17,65820899,38121960334,578.0,583.0,575.0,582.0,+24.00,65468
111/03/18,49583448,28771454221,582.0,582.0,576.0,581.0,-1.00,39576
111/03/21,22800165,13363354969,583.0,589.0,583.0,586.0,+5.00,32617
111/03/22,23421124,13613967252,577.0,586.0,577.0,583.0,-3.00,27371
111/03/23,27475008,16177424772,590.0,590.0,586.0,590.0,+7.00,30970
111/03/24,20769676,12232627003,587.0,592.0,585.0,591.0,+1.00,21647
111/03/25,26794684,15984831591,597.0,598.0,595.0,598.0,+7.00,29896
111/03/28,27954730,16298449416,581.0,586.0,580.0,584.0,-14.00,54537
111/03/29,15742359,9243985774,586.0,589.0,584.0,589.0,+5.00,21222
111/03/30,43256548,25908489513,599.0,600.0,597.0,600.0,+11.00,48535
111/03/31,25130417,15014260610,602.0,602.0,594.0,597.0,-3.00,18860
111/04/01,31247086,18328227645,585.0,589.0,584.0,589.0,-8.0,53178
111/04/06,40726932,23547636944,578.0,580.0,575.0,578.0,-11.0,62822
111/04/07,47212937,26881649976,571.0,573.0,566.0,566.0,-12.0,130552
111/04/08,31406384,17821660486,567.0,570.0,566.0,567.0,1.0,75778
111/04/11,41713758,23401330531,563.0,566.0,558.0,558.0,-9.0,130731
111/04/12,34799056,19418030839,554.0,564.0,552.0,557.0,-1.0,69280
111/04/13,36968137,21134384849,564.0,576.0,563.0,573.0,16.0,41249
111/04/14,20224847,11618596373,577.0,578.0,573.0,573.0,0.0,27442
111/04/15,33158930,18667922752,562.0,566.0,561.0,562.0,-11.0,99936
111/04/18,16579296,9311198146,559.0,566.0,558.0,561.0,-1.0,31712
111/04/19,18811242,10639032272,566.0,569.0,563.0,565.0,4.0,24598
111/04/20,28240222,16016967192,570.0,570.0,562.0,570.0,5.0,28615
111/04/21,21539083,12221437009,571.0,571.0,565.0,565.0,-5.0,28847
111/04/22,35567672,19849449551,558.0,559.0,557.0,558.0,-7.0,81550
111/04/25,49067362,26907070565,550.0,552.0,546.0,547.0,-11.0,165619
111/04/26,39549934,21628474846,550.0,551.0,544.0,546.0,-1.0,90252
111/04/27,65034122,34416315121,530.0,532.0,526.0,526.0,-20.0,217895
111/04/28,50406145,26653291522,530.0,532.0,523.0,531.0,5.0,79897
111/04/29,39960198,21586196160,547.0,547.0,535.0,538.0,7.0,41498
111/05/03,29502561,15790689728,538.0,540.0,530.0,531.0,-7.0,48050
111/05/04,17305449,9229779558,533.0,537.0,530.0,534.0,3.0,27460
111/05/05,22540182,12209716759,543.0,544.0,539.0,542.0,8.0,26904
111/05/06,34512038,18241210653,528.0,531.0,526.0,528.0,-14.0,66208
111/05/09,27309304,14249571058,523.0,524.0,520.0,520.0,-8.0,82004
111/05/10,44322247,22673191861,506.0,519.0,505.0,518.0,-2.0,83371
111/05/11,28109896,14662149551,518.0,526.0,518.0,521.0,3.0,40227
111/05/12,35824788,18310112210,516.0,518.0,505.0,505.0,-16.0,107513
111/05/13,30204773,15412261905,507.0,514.0,506.0,511.0,6.0,37707
111/05/16,22012610,11472463517,521.0,524.0,518.0,520.0,9.0,30034
111/05/17,25812051,13627135311,521.0,533.0,520.0,530.0,10.0,30826
111/05/18,33605299,18075946322,541.0,541.0,534.0,538.0,8.0,34913
111/05/19,40798132,21322524192,523.0,527.0,520.0,522.0,-16.0,47232
111/05/20,26111163,13784969436,524.0,532.0,523.0,530.0,8.0,21767
111/05/23,18919447,10040778291,533.0,534.0,528.0,528.0,-2.0,18775
111/05/24,19130619,10036942322,530.0,531.0,520.0,520.0,-8.0,31716
111/05/25,22460245,11782306905,522.0,529.0,520.0,524.0,4.0,18352
111/05/26,31542825,16336162581,523.0,525.0,513.0,514.0,-10.0,72846
111/05/27,30113220,15855257581,524.0,530.0,522.0,530.0,16.0,28711
111/05/30,36480411,19757635264,538.0,547.0,537.0,547.0,17.0,42797
111/05/31,81962870,45507333341,542.0,560.0,540.0,560.0,13.0,34286
111/06/01,32970903,18171598472,550.0,555.0,548.0,549.0,-11.00,33456
111/06/02,26063495,14122936388,544.0,545.0,540.0,540.0,-9.00,30042
111/06/06,23732327,12843324209,541.0,544.0,538.0,540.0,0.00,16614
111/06/07,22152512,11846386906,535.0,538.0,532.0,535.0,-5.00,28586
111/06/08,19609522,10636701303,539.0,545.0,538.0,544.0,+9.00,18487
111/06/09,16894479,9115934006,538.0,542.0,537.0,541.0,-3.00,18802
111/06/10,22614596,12011615014,530.0,533.0,529.0,530.0,-11.00,44802
111/06/13,36758925,18998155460,518.0,519.0,515.0,516.0,-14.00,112023
111/06/14,38838778,19813036892,507.0,514.0,507.0,513.0,-3.00,85483
111/06/15,38360508,19580150319,508.0,515.0,508.0,509.0,-4.00,72687
111/06/16,31908028,16331470764,515.0,516.0,507.0,508.0,X0.00,42177
111/06/17,48400798,24260277915,499.5,503.0,499.0,501.0,-7.00,119618
111/06/20,36664463,18267359790,500.0,502.0,495.0,498.0,-3.00,89541
111/06/21,34432537,17298234720,501.0,505.0,499.0,505.0,+7.00,32427
111/06/22,33438921,16630857096,501.0,503.0,494.5,494.5,-10.50,81024
111/06/23,46808462,22836692325,492.0,493.5,485.0,485.5,-9.00,104661
111/06/24,29003676,14184287155,489.5,492.5,485.5,486.5,+1.00,43609
111/06/27,38684368,19379396938,496.0,506.0,495.5,498.5,+12.00,37438
111/06/28,16867955,8392290378,496.0,500.0,496.0,497.5,-1.00,18988
111/06/29,33124986,16352376816,496.0,498.5,491.0,491.0,-6.50,40024
111/06/30,49820824,23900613642,484.5,486.5,476.0,476.0,-15.00,111117
111/07/01,72597018,33459624760,471.5,474.0,452.5,453.5,-22.5,172267
111/07/04,61206245,27225872277,443.0,451.5,440.0,440.0,-13.5,96760
111/07/05,55469884,24538415224,449.5,451.5,433.0,446.0,6.0,70715
111/07/06,42156925,18556660847,442.0,447.5,435.0,435.5,-10.5,59018
111/07/07,50984110,22992311966,442.0,459.0,438.5,457.5,22.0,56227
111/07/08,39134398,18251251558,470.0,470.5,461.5,467.0,9.5,46039
111/07/11,22930675,10673806551,468.0,470.5,461.0,462.0,-5.0,25631
111/07/12,24155935,10932798847,458.0,458.0,449.5,449.5,-12.5,34431
111/07/13,48134139,22639696871,470.5,473.0,466.0,470.5,21.0,48964
111/07/14,34014188,16045789881,466.0,477.5,463.0,475.0,4.5,36454
111/07/15,56039339,27285128552,481.0,494.0,477.0,492.5,17.5,63691
111/07/18,40797601,20142703483,495.5,498.5,488.5,495.5,3.0,42574
111/07/19,20554247,10063256350,487.5,493.0,486.5,491.0,-4.5,25035
111/07/20,36862724,18330197370,502.0,503.0,491.5,495.0,4.0,40233
111/07/21,23893063,11887266420,496.0,501.0,494.0,501.0,6.0,23039
111/07/22,26904474,13525083791,505.0,505.0,500.0,503.0,2.0,26122
111/07/25,16803972,8402110298,500.0,503.0,498.0,499.5,-3.5,17230
111/07/26,19524143,9665183112,499.5,499.5,491.0,495.0,-4.5,29293
111/07/27,18411136,9144660659,494.0,502.0,491.0,502.0,7.0,20351
111/07/28,35020547,17665645632,509.0,509.0,499.0,501.0,-1.0,31274
111/07/29,30632627,15571856556,508.0,510.0,504.0,509.0,8.0,24762
111/08/01,24991291,12569771761,506.0,508.0,500.0,504.0,-5.0,26792
111/08/02,42669591,20973293337,494.0,496.0,488.5,492.0,-12.0,63879
111/08/03,29838832,14823224632,494.0,501.0,493.0,501.0,9.0,25570
111/08/04,26589086,13279624282,499.0,503.0,495.0,500.0,-1.0,27173
111/08/05,35052642,17966410242,509.0,516.0,507.0,516.0,16.0,49928
111/08/08,20568971,10531710250,510.0,515.0,509.0,512.0,-4.0,18131
111/08/09,24370709,12372442661,507.0,511.0,504.0,510.0,-2.0,25433
111/08/10,22112239,11075581424,500.0,503.0,499.5,500.0,-10.0,35188
111/08/11,24906177,12771121611,513.0,514.0,510.0,514.0,14.0,23949
111/08/12,21343450,11016097043,515.0,518.0,514.0,517.0,3.0,21701
111/08/15,22519886,11755494600,520.0,524.0,519.0,523.0,6.0,27372
111/08/16,21234122,11141160337,526.0,526.0,523.0,525.0,2.0,20628
111/08/17,28461939,14943047011,524.0,527.0,521.0,527.0,2.0,26466
111/08/18,18721898,9734756997,520.0,521.0,519.0,520.0,-7.0,24209
111/08/19,14235983,7403584002,519.0,523.0,517.0,519.0,-1.0,14069
111/08/22,23175820,11849427903,511.0,514.0,510.0,510.0,-9.0,32130
111/08/23,20997847,10580935860,503.0,506.0,502.0,504.0,-6.0,34243
111/08/24,14995494,7560487746,504.0,508.0,503.0,503.0,-1.0,20031
111/08/25,10254367,5208471523,505.0,510.0,504.0,508.0,5.0,11664
111/08/26,13268148,6805419690,513.0,515.0,511.0,512.0,4.0,14862
111/08/29,28217313,14055439771,497.0,502.0,496.0,498.5,-13.5,60889
111/08/30,25699463,12787938496,497.5,500.0,496.0,496.0,-2.5,43669
111/08/31,50999514,25630339779,492.0,505.0,492.0,505.0,9.0,24054
111/09/01,42008490,20696930527,495.0,495.5,490.0,490.5,-14.50,93631
111/09/02,33877655,16486942365,488.0,489.5,485.0,485.0,-5.50,71175
111/09/05,17327720,8419762666,485.0,488.0,484.0,486.0,+1.00,27611
111/09/06,21197718,10364807027,488.5,491.5,486.5,489.0,+3.00,18950
111/09/07,38168331,18125281029,477.0,478.0,472.0,472.5,-16.50,101077
111/09/08,35355467,16755699888,473.0,475.0,472.0,475.0,+2.50,37943
111/09/12,27181969,13268334545,485.0,491.0,485.0,486.5,+11.50,26764
111/09/13,18916557,9329113594,495.0,495.0,491.0,493.0,+6.50,20511
111/09/14,25046110,12023421519,478.5,482.5,476.0,480.0,-13.00,47333
111/09/15,24272164,11587112712,476.0,480.0,476.0,476.5,X0.00,35435
111/09/16,41889816,19737743551,470.5,472.0,469.0,472.0,-4.50,51619
111/09/19,20724347,9713676332,472.0,473.0,466.5,467.0,-5.00,45650
111/09/20,23269759,11027746136,470.5,478.0,470.0,476.5,+9.50,20621
111/09/21,24686050,11641957557,473.5,475.5,468.5,471.0,-5.50,30847
111/09/22,31417685,14524615830,462.0,468.0,459.0,464.5,-6.50,53974
111/09/23,32804066,15005076330,458.5,460.5,455.0,455.0,-9.50,82492
111/09/26,34856957,15560487370,443.0,454.0,443.0,446.5,-8.50,75861
111/09/27,29570005,13260363913,449.0,451.5,446.0,448.0,+1.50,29995
111/09/28,37827459,16693442543,447.0,449.0,438.0,438.0,-10.00,78780
111/09/29,42884163,18748910795,443.0,443.5,432.0,435.0,-3.00,70971
111/09/30,58366820,24750796363,424.5,427.5,422.0,422.0,-13.00,87052
111/10/03,38354967,16068149231,418.5,424.5,416.5,417.0,-5.0,70127
111/10/04,42455417,18225995343,429.5,432.0,427.0,429.0,12.0,31696
111/10/05,48321335,21583755745,444.5,451.0,442.0,445.0,16.0,51865
111/10/06,30750331,13821382520,450.5,451.0,447.0,451.0,6.0,24907
111/10/07,32872044,14505036044,448.5,448.5,437.0,438.0,-13.0,45112
111/10/11,109842903,44572345642,408.0,412.5,401.0,401.5,-36.5,210614
111/10/12,64138351,25536098386,397.0,400.0,395.5,397.5,-4.0,114055
111/10/13,43158592,17239718998,400.5,403.0,395.0,395.0,-2.5,66846
111/10/14,59841064,24714069328,414.5,416.0,409.0,412.0,17.0,54666
111/10/17,45038159,17954868983,400.0,403.5,396.0,397.0,-15.0,66589
111/10/18,41304834,16675510801,406.5,407.0,399.5,407.0,10.0,30538
111/10/19,48655069,19398261013,404.0,405.0,395.5,395.5,-11.5,68211
111/10/20,63202035,24682371387,391.0,397.5,386.0,397.5,2.0,76430
111/10/21,38968511,15297273710,395.5,398.5,389.5,389.5,-8.0,64043
111/10/24,48691083,18995017699,395.0,397.5,387.0,387.0,-2.5,58612
111/10/25,81173913,30515958539,380.0,382.5,371.0,371.0,-16.0,155200
111/10/26,61440878,23045141097,370.5,379.0,370.0,376.0,5.0,46073
111/10/27,47160778,18190840150,384.5,389.0,382.5,385.5,9.5,37777
111/10/28,44691746,16923109361,379.5,382.0,375.0,379.5,-6.0,48116
111/10/31,40598928,15721543079,386.0,390.0,381.0,390.0,10.5,32816
111/11/01,42123141,16428079355,388.5,393.0,386.0,391.5,1.5,29780
111/11/02,23169428,9091891929,391.0,395.0,388.5,395.0,3.5,22285
111/11/03,42092776,16201844314,385.0,387.0,383.5,384.0,-11.0,52660
111/11/04,30839846,11762941797,381.0,384.5,378.5,382.0,-2.0,26895
111/11/07,37704746,14710405524,390.0,393.0,387.0,390.0,8.0,30880
111/11/08,32576136,12954941396,395.0,399.5,394.0,399.0,9.0,35956
111/11/09,56357663,23188739823,403.5,417.0,403.5,417.0,18.0,67569
111/11/10,33671621,13757669359,409.0,411.5,406.0,407.5,-9.5,36471
111/11/11,83770040,36838808146,441.5,442.0,435.0,441.5,34.0,100349
111/11/14,63282094,28257175788,450.0,450.0,441.5,445.0,3.5,48957
111/11/15,118536865,56191637241,465.0,487.0,462.0,480.0,35.0,139136
111/11/16,88416393,43103738374,491.5,494.0,481.5,487.0,7.0,98338
111/11/17,46850915,22547582604,482.5,485.0,475.0,485.0,-2.0,57331
111/11/18,37001332,18131673834,491.5,494.0,486.0,487.0,2.0,41694
111/11/21,30609465,14843805078,487.5,489.5,480.5,482.0,-5.0,35815
111/11/22,39329440,19112616916,476.0,491.0,476.0,491.0,9.0,40964
111/11/23,34752559,17111333375,494.5,496.0,488.5,492.0,1.0,32889
111/11/24,28477359,14073196704,494.0,496.0,492.0,496.0,4.0,34387
111/11/25,41461805,20594790238,494.0,498.0,494.0,498.0,2.0,34399
111/11/28,40815045,19790586320,486.0,490.0,480.5,480.5,-17.5,57163
111/11/29,40266315,19374604221,473.5,488.0,473.0,487.0,6.5,35929
111/11/30,60728041,29643130386,483.0,490.0,482.5,490.0,3.0,25325
111/12/01,43684491,21976936461,506.0,508.0,498.5,498.5,+8.50,46181
111/12/02,29909021,14745810388,490.0,497.0,490.0,492.5,-6.00,31799
111/12/05,33048153,16272219716,491.5,497.5,489.0,489.0,-3.50,31739
111/12/06,44964237,21703863181,488.0,489.0,478.0,478.0,-11.00,44448
111/12/07,39978821,19128832587,477.0,485.5,475.0,475.0,-3.00,43603
111/12/08,28348573,13366736635,475.0,475.0,467.0,471.5,-3.50,45114
111/12/09,28903860,13881674073,478.0,484.5,476.0,481.5,+10.00,25790
111/12/12,24064002,11435789974,476.5,478.0,473.5,475.0,-6.50,34393
111/12/13,36028109,17034191389,473.0,476.0,471.0,471.5,-3.50,36559
111/12/14,35263781,16860500181,472.0,480.5,472.0,480.5,+9.00,25102
111/12/15,26001756,12446105928,476.0,481.5,474.5,480.5,X0.00,21052
111/12/16,51707693,24262026661,466.5,471.0,465.5,471.0,-9.50,69011
111/12/19,24231653,11320207884,466.5,469.5,465.0,466.5,-4.50,30247
111/12/20,33181363,15291302176,465.0,467.0,455.0,457.5,-9.00,59543
111/12/21,40831313,18763874901,460.0,463.0,457.0,459.0,+1.50,31581
111/12/22,14519582,6784664988,466.5,469.0,464.0,468.0,+9.00,16893
111/12/23,26724153,12200056423,457.5,458.5,455.0,455.0,-13.00,63532
111/12/26,9152790,4171194858,454.0,457.0,453.5,456.5,+1.50,16718
111/12/27,10486219,4820155221,458.0,462.5,457.0,457.0,+0.50,13482
111/12/28,34823492,15643266841,451.0,452.0,446.0,451.0,-6.00,59400
111/12/29,25596357,11400284554,444.0,449.5,442.5,446.0,-5.00,34637
111/12/30,22297604,10079102379,455.0,456.5,448.5,448.5,+2.50,23086
